Address,Y_2005,Y_2006,Y_2007,Y_2008,Y_2009,Y_2010,Y_2011,Y_2012,Y_2013,Y_2014,Y_2015,Y_2016,Y_2017,Y_2018,Y_2019,Y_2020,Y_2021,Y_2022
"1 Hoag Dr, Newport Beach, 92663",,,,,,,,,,,,,,,13917,10031,11424,11946
"1 HOAG DRIVE, NEWPORT BEACH, 92663",,,,,,,,5217,5301,5604,0,6207,6390,6586,,,,
"1 MADRONE STREET, WILLITS, 95490",400,384,377,357,356,0,308,315,362,311,0,,,,,,,
"1 MARCELA DRIVE, WILLITS, 95490",,,,,,,,,,,0,407,557,512,,,,
"1 Medical Plaza Dr, Roseville, 95661",,,,,,,,,,,,,,,8296,6635,7607,8278
"1 MEDICAL PLAZA DRIVE, ROSEVILLE, 95661",,,,,,,,,,,,4038,4075,4260,,,,
"1 QUALITY DRIVE, VACAVILLE, 95688",,,,,273,0,1362,1526,1480,1522,0,1692,1966,2101,4877,4009,4538,4634
"10 Woodland Rd, St. Helena, 94574",,,,,,,,,,,,,,,704,398,595,762
"10 WOODLAND RD., ST. HELENA, 94574",,297,275,246,358,0,364,333,361,358,0,452,435,477,,,,
"100 Falls Canyon Rd, Avalon, 90704",,,,,,,,,,,,,,,131,96,124,121
"100 FALLS CANYON ROAD, AVALON, 90704",62,52,52,49,77,50,56,69,72,61,0,61,48,81,,,,
"100 S Raymond Ave, Alhambra, 91801",,,,,,,,,,,,,,,1651,1095,1165,1429
"100 SOUTH RAYMOND AVENUE, ALHAMBRA, 91801",749,706,682,816,767,698,769,716,658,665,0,733,686,793,,,,
"100 W California Blvd, Pasadena, 91105",,,,,,,,,,,,,,,6841,5047,5706,6133
"100 W. CALIFORNIA BOULEVARD, PASADENA, 91105",3369,3394,3394,3432,3467,3375,3458,3092,3410,3350,0,3703,3921,3941,,,,
"1000 GREENLEY RD, SONORA, 95370",,,,,,,,,,,,1624,1713,1747,3697,2615,2723,2949
"1000 Greenley Road, Sonora, 95370",,891,1203,1315,1288,0,1432,1449,1324,1459,0,,,,,,,
"1000 NUT TREE ROAD, VACAVILLE, 95687",1198,1140,1127,1122,1115,0,789,,,,,,,,,,,
"1000 Trancas St, Napa, 94558",,,,,,,,,,,,,,,3033,2160,2354,2329
"1000 TRANCAS STREET, NAPA, 94558",1462,1533,1538,1537,1408,0,1471,1525,1468,1562,0,1467,1556,1676,,,,
"1000 W Carson St, Torrance, 90502",,,,,,,,,,,,,,,7169,5132,6253,6619
"1000 WEST CARSON STREET, TORRANCE, 90502",3286,3137,3186,3204,3428,3275,3721,3611,3339,2694,0,2985,3177,3200,,,,
"1001 N Tustin Ave, Santa Ana, 92705",,,,,,,,,,,,,,,2460,1653,1967,2243
"1001 NORTH TUSTIN AVENUE, SANTA ANA, 92705",1399,1252,1226,1218,1320,0,1298,1316,1148,1131,0,1441,1559,1522,,,,
"1001 Potrero Ave, San Francisco, 94110",,,,,,,,,,,,,,,5768,4378,4839,4532
"1001 POTRERO AVENUE, SAN FRANCISCO, 94110",2101,2163,2154,2101,2152,0,2164,2435,2444,2263,0,2516,2890,3174,,,,
"101 CITY DRIVE SOUTH, ORANGE, 92668",1433,1360,1450,1506,1690,0,1878,,,,,,,,,,,
"101 CITY DRIVE SOUTH, ORANGE, 92868",,,,,,,,2028,2069,2254,0,2649,3062,2871,5309,4058,4911,5047
"101 E Valencia Mesa Dr, Fullerton, 92835",,,,,,,,,,,,,,,8886,6633,6485,6605
"101 EAST HOSPITAL ROAD, SONORA, 95370",327,368,160,,,,,,,,,,,,,,,
"101 EAST VALENCIA MESA DRIVE, FULLERTON, 92835",2916,2943,3254,3225,3474,0,3629,4048,3875,3933,0,4100,4292,4359,,,,
"1010 Murray St, San Luis Obispo, 93405",,,,,,,,,,,,,,,1514,1124,1215,1243
"1010 MURRAY STREET, SAN LUIS OBISPO, 93405",835,761,719,777,757,0,703,748,711,735,0,673,676,740,,,,
"1011 Baldwin Park Blvd, Baldwin Park, 91706",,,,,,,,,,,,,,,8953,6534,7573,7382
"1011 BALDWIN PARK BLVD., BALDWIN PARK, 91706",3093,3021,3103,3262,3410,0,3474,3538,3693,3691,0,3799,3828,3916,,,,
"10121 PINE AVE, TRUCKEE, 96161",,,,,,,,359,340,392,0,413,430,434,799,665,762,843
"10121 PINE STREET POB 759, TRUCKEE, 96160",285,284,347,344,288,0,342,,,,,,,,,,,
"1025 NORTH DOUTY STREET, HANFORD, 93230",351,344,387,410,407,392,,,,,0,,,,,,,
"1025 S Anaheim Blvd, Anaheim, 92805",,,,,,,,,,,,,,,973,621,661,755
"1025 SOUTH ANAHEIM BLVD., ANAHEIM, 92805",687,622,734,761,612,0,633,523,448,473,0,510,527,525,,,,
"1050 Linden Ave, Long Beach, 90813",,,,,,,,,,,,,,,4749,3361,3483,3510
"1050 LINDEN AVENUE, BOX 887, LONG BEACH, 90801",1595,1790,1750,1601,1544,1649,1723,,,,,,,,,,,
"1050 LINDEN AVENUE, LONG BEACH, 90813",,,,,,,,1719,1784,1635,0,1817,2065,2111,,,,
"1065 Bucks Lake Rd, Quincy, 95971",,,,,,,,,,,,,,,408,319,332,351
"1065 BUCKS LAKE ROAD, QUINCY, 95971",171,179,178,208,269,0,249,153,115,157,0,184,206,276,,,,
"10666 N Torrey Pines Rd, La Jolla, 92037",,,,,,,,,,,,,,,0,,,
"10666 NORTH TORREY PINES ROAD, LA JOLLA, 92037",,,,,,,,,,,0,,,,,,,
"10800 Magnolia Ave, Riverside, 92505",,,,,,,,,,,,,,,6451,5017,5677,5913
"10800 MAGNOLIA AVENUE, RIVERSIDE, 92505",2209,2195,2072,2408,2232,0,2326,2477,2416,2609,0,2557,2669,2653,,,,
"10802 COLLEGE PLACE, CERRITOS, 90701",,0,,,,,,,,,,,,,,,,
"10802 COLLEGE PLACE, CERRITOS, 90703",,,,,,,,,,,,0,,0,,,,
"1081 N China Lake Blvd, Ridgecrest, 93555",,,,,,,,,,,,,,,1535,1281,1377,1422
"1081 NORTH CHINA LAKE BLVD., RIDGECREST, 93555",706,670,695,761,818,726,796,803,799,824,0,804,817,748,,,,
"10833 LECONTE AVENUE, LOS ANGELES, 90095",2115,1950,1853,,,,,,,,,,,,,,,
"1100 Butte St, Redding, 96001",,,,,,,,,,,,,,,3891,3240,2899,2733
"1100 BUTTE STREET, REDDING,  96049-6072",,,1783,1720,,,,,,,,,,,,,,
"1100 BUTTE STREET, REDDING, 96001",,,,,,,1804,1783,2018,2027,0,2187,2095,2004,,,,
"1100 BUTTE STREET, REDDING, 96049-6072",1539,1593,,,905,0,,,,,,,,,,,,
"1100 Las Tablas Rd, Templeton, 93465",,,,,,,,,,,,,,,2672,2020,2060,2227
"1100 LAS TABLAS ROAD, TEMPLETON, 93465",1233,1240,1231,1275,1285,0,1327,1316,1316,1360,0,1340,1259,1257,,,,
"1100 MAGELLAN DRIVE, TEHACHAPI, 93561",,,,,,,,,,,,,,93,,,,
"1100 MARSHALL WAY, PLACERVILLE, 95667",,1436,1468,1382,1341,1309,1480,1442,1416,1320,0,1363,1394,1525,2684,2029,2278,2328
"1100 Veterans Blvd, Redwood City, 94063",,,,,,,,,,,,,,,3730,2769,3214,3366
"1100 VETERANS BLVD., REDWOOD CITY, 94063",,,,,,,,,,55,0,1462,1600,1628,,,,
"1100 W Stewart Dr, Orange, 92868",,,,,,,,,,,,,,,9036,6235,6761,7041
"1100 WEST STEWART DRIVE, ORANGE, 92868",3495,3281,3166,3163,3261,0,3192,3507,3603,3521,0,3917,3832,4079,,,,
"1101 Van Ness Ave, San Francisco, 94109",,,,,,,,,,,,,,,2806,2782,3109,3215
"1111 E. STANLEY BOULEVARD, LIVERMORE, 94550",1224,1167,1220,,,,,,,,,,,,,,,
"1111 W La Palma Ave, Anaheim, 92801",,,,,,,,,,,,,,,3859,2601,2380,2367
"1111 WEST LA PALMA AVENUE, ANAHEIM, 92801",2307,2468,2561,2421,2252,0,2528,2580,2564,2435,0,2012,1482,2066,,,,
"1115 S Sunset Ave, West Covina, 91790",,,,,,,,,,,,,,,5338,3285,3533,4029
"1115 SOUTH SUNSET AVENUE, WEST COVINA, 91790",1829,1767,1672,1532,1546,1444,1844,1962,1982,2044,0,2034,2162,2306,,,,
"1117 E Devonshire Ave, Hemet, 92543",,,,,,,,,,,,,,,5142,3515,3547,3379
"1117 EAST DEVONSHIRE, HEMET, 92543",2842,2927,2979,3017,2904,0,3340,3297,3123,2752,0,2786,2855,2776,,,,
"11234 Anderson St, Loma Linda, 92354",,,,,,,,,,,,,,,7560,6351,6890,8023
"11234 ANDERSON ST., LOMA LINDA, 92354",,,,,,,,,,0,,,,,,,,
"11234 ANDERSON STREET, LOMA LINDA, 92354",2320,2227,2242,2458,2611,0,2965,3203,3140,3368,0,3806,3779,4065,,,,
"1133 W Sycamore St, Willows, 95988",,,,,,,,,,,,,,,440,279,308,380
"1133 WEST SYCAMORE STREET, WILLOWS, 95988",183,192,151,177,144,163,183,164,200,219,0,202,186,154,,,,
"1141 ROSE AVENUE, SELMA, 93662",463,,,,,,,,,,,,,,,,,
"1145 W Redondo Beach Blvd, Gardena, 90247",,,,,,,,,,,,,,,2603,2089,2491,2480
"1145 W. REDONDO BEACH BLVD., GARDENA, 90247",1329,1286,1262,1386,1545,1591,1639,1601,1320,1481,0,1451,1541,1541,,,,
"115 Mall Dr, Hanford, 93230",,,,,,,,,,,,,,,7107,5414,5547,5605
"115 MALL DRIVE, HANFORD, 93230",,,,,,189,2748,2679,2515,2809,0,3221,3451,3423,,,,
"115 WEST E STREET, TEHACHAPI, 93561",363,247,271,285,276,308,296,415,457,402,0,555,460,460,,,,
"1150 N Indian Canyon Dr, Palm Springs, 92262",,,,,,,,,,,,,,,7380,5261,5555,5533
"1150 NORTH INDIAN CANYON DRIVE, PALM SPRINGS, 92262",2755,2550,2536,2744,2847,0,3021,3107,3366,3693,0,3734,3654,3727,,,,
"1150 VETERANS BOULEVARD, REDWOOD CITY, 94063",1361,1322,1271,1305,1373,0,1367,1362,1442,1374,,,,,,,,
"11500 Brookshire Ave, Downey, 90241",,,,,,,,,,,,,,,5067,3853,4413,4911
"11500 BROOKSHIRE AVENUE, DOWNEY, 90241",2293,2477,2809,2768,2605,2295,2283,2315,2247,2203,0,2061,2092,2252,,,,
"1161 EAST COVINA BOULEVARD, COVINA, 91724",,,,,,,,,,,,,0,0,,,,
"1165 Montgomery Dr, Santa Rosa, 95405",,,,,,,,,,,,,,,4243,3104,3230,3722
"1165 MONTGOMERY DRIVE, SANTA ROSA, 95405",1697,1929,2089,1981,1946,0,1932,2004,2061,2453,0,2325,2203,2410,,,,
"11815 Education St, Auburn, 95602",,,,,,,,,,,,,,,2746,2079,2435,2426
"11815 EDUCATION STREET, AUBURN, 95602",1003,1092,1048,1019,1089,0,1099,1280,1225,1161,0,1318,1285,1263,,,,
"1191 Phelps Ave, Coalinga, 93210",,,,,,,,,,,,,,,,2,315,352
"1191 PHELPS AVENUE, COALINGA, 93210",306,338,395,399,320,289,305,257,223,193,0,224,187,75,,,,
"1200 B Gale Wilson Blvd, Fairfield, 94533",,,,,,,,,,,,,,,6407,4854,5358,5596
"1200 B. GALE WILSON BLVD., FAIRFIELD, 94533",1543,1386,1398,1371,1431,0,1578,2635,2697,2716,0,2894,3046,3207,,,,
"1200 EL CAMINO REAL, SOUTH SAN FRANCISCO, 94080",2236,2059,1972,1730,1856,0,1980,1994,1917,1916,0,1939,1886,2043,4760,3587,3932,4234
"1200 N State St, Los Angeles, 90033",,,,,,,,,,,,,,,13134,8797,9716,9483
"1200 NORTH STATE STREET, LOS ANGELES, 90033",5673,5477,5282,4826,4981,5356,5853,6098,6002,5975,0,5047,5412,5810,,,,
"1200 SMITH STREET, KINGSBURG, 93631",79,94,80,9,,,,,,,,,,,,,,
"1201 W La Veta Ave, Orange, 92868",,,,,,,,,,,,,,,1366,1021,1360,1654
"1201 WEST LA VETA AVENUE, ORANGE, 92868",,,,,,,,144,169,187,0,405,520,441,,,,
"12021 WILMINGTON AVENUE, LOS ANGELES, 90059",3579,3180,1406,,,,,,,,0,,,,,,,
"1205 E North St, Manteca, 95336",,,,,,,,,,,,,,,2158,1602,1776,1848
"1205 EAST NORTH STREET, MANTECA, 95336",738,778,856,848,782,0,896,932,832,943,0,938,1120,1126,,,,
"1225 Wilshire Blvd, Los Angeles, 90017",,,,,,,,,,,,,,,4680,3861,4404,4393
"1225 WILSHIRE BOULEVARD, LOS ANGELES, 90017",1800,1739,1811,2017,2105,2137,2029,1991,2035,1937,0,2181,1891,2285,,,,
"12401 EAST WASHINGTON BLVD., WHITTIER, 90602",2599,2481,2586,2714,2947,3231,3655,3275,3447,3811,0,,,,,,,
"12401 Washington Blvd, Whittier, 90602",,,,,,,,,,,,,,,8652,6056,6817,6925
"12401 WASHINGTON BLVD., WHITTIER, 90602",,,,,,,,,,,,3714,3999,4156,,,,
"1250 16th St, Santa Monica, 90404",,,,,,,,,,,,,,,3902,2537,2866,3020
"1250 16TH STREET, SANTA MONICA, 90404",1213,1273,1358,1687,1758,1771,1766,1802,1723,1805,0,2056,2182,2118,,,,
"1250 E Almond Ave, Madera, 93637",,,,,,,,,,,,,,,2709,2093,2413,2501
"1250 EAST ALMOND AVENUE, MADERA, 93637",1083,1016,1026,1207,1216,0,1241,1145,1077,1316,0,1367,1330,1461,,,,
"12601 Garden Grove Blvd, Garden Grove, 92843",,,,,,,,,,,,,,,1863,1231,1387,1525
"12601 GARDEN GROVE BLVD., GARDEN GROVE,  92643-1959",,,900,982,,,,,,,,,,,,,,
"12601 GARDEN GROVE BLVD., GARDEN GROVE, 92643",,,,,,,935,,,,,,,,,,,
"12601 GARDEN GROVE BLVD., GARDEN GROVE, 92643-1959",922,880,,,950,0,,,,,,,,,,,,
"12601 GARDEN GROVE BLVD., GARDEN GROVE, 92843",,,,,,,,995,935,,,938,942,969,,,,
"12601 GARDEN GROVE BLVD., GARDEN GROVE, 92843-1908",,,,,,,,,,912,0,,,,,,,
"1287 FULTON ROAD, SANTA ROSA, 95401",,,,,,,,,,,,,0,,,,,
"130 Brentwood Dr, Chester, 96020",,,,,,,,,,,,,,,218,188,183,183
"130 BRENTWOOD DRIVE, CHESTER, 96020",144,124,133,119,132,0,141,155,161,160,0,148,146,163,,,,
"1300 N Vermont Ave, Los Angeles, 90027",,,,,,,,,,,,,,,3667,2849,2750,2902
"1300 NORTH VERMONT AVENUE, LOS ANGELES, 90027",2143,1802,1796,1731,1718,1741,1738,1638,1559,1697,0,1948,2006,1858,,,,
"1300 W 7th St, San Pedro, 90732",,,,,,,,,,,,,,,2590,1738,2065,2221
"1300 WEST SEVENTH STREET, SAN PEDRO, 90732",1007,1022,1125,930,975,1091,1084,1115,1111,1136,0,1084,1108,1172,,,,
"1301 N Rose Dr, Placentia, 92870",,,,,,,,,,,,,,,2605,1922,1964,2243
"1301 NORTH ROSE DRIVE, PLACENTIA, 92670",986,1082,1083,997,1036,0,1058,,,,,,,,,,,
"1301 NORTH ROSE DRIVE, PLACENTIA, 92870",,,,,,,,1089,1134,1158,0,1351,1210,1276,,,,
"1303 E Herndon Ave, Fresno, 93720",,,,,,,,,,,,,,,10204,7240,7459,8092
"1303 EAST HERNDON AVENUE, FRESNO, 93710",4467,4710,4957,4753,,,,,,,,,,,,,,
"1303 EAST HERNDON AVENUE, FRESNO, 93720",,,,,5022,5110,5146,4794,4303,3996,0,4322,5389,5605,,,,
"1306 MARICOPA HIGHWAY, OJAI, 93023",419,352,366,341,265,0,321,377,344,372,0,330,354,329,,,,
"1306 Maricopa Hwy, Ojai, 93023",,,,,,,,,,,,,,,650,468,496,587
"1310 HANNA AVENUE, CORCORAN, 93212",161,148,104,126,164,114,106,133,38,,,,,,,,,
"13100 SOUTH STUDEBAKER ROAD, NORWALK, 90650",748,541,596,684,629,566,650,653,619,615,0,602,,,,,,
"13100 Studebaker Rd, Norwalk, 90650",,,,,,,,,,,,,,,1228,806,847,863
"13100 STUDEBAKER ROAD, NORWALK, 90650",,,,,,,,,,,,,707,763,,,,
"13222 Bloomfield Ave, Norwalk, 90650",,,,,,,,,,,,,,,427,302,350,471
"13222 BLOOMFIELD AVENUE, NORWALK, 90650",327,263,319,278,280,287,379,379,364,373,0,286,253,279,,,,
"1325 Cottonwood St, Woodland, 95695",,,,,,,,,,,,,,,2171,1594,1905,1766
"1325 COTTONWOOD STREET, WOODLAND, 95695",759,758,770,697,648,0,788,780,798,883,0,960,953,950,,,,
"1328 - 22ND STREET, SANTA MONICA, 90404",1706,1730,1688,1745,1779,,,,,,,,,,,,,
"1350 W Covina Blvd, San Dimas, 91773",,,,,,,,,,,,,,,1255,929,1061,1152
"1350 WEST COVINA BOULEVARD, SAN DIMAS, 91773",897,801,697,822,818,668,714,722,598,598,0,599,613,597,,,,
"13652 Cantara St, Panorama City, 91402",,,,,,,,,,,,,,,8500,6182,6814,6765
"13652 CANTARA STREET, PANORAMA CITY, 91402",2419,2347,2308,2239,2507,2595,2803,2724,2750,2846,0,2960,3011,3382,,,,
"1375 University St, Healdsburg, 95448",,,,,,,,,,,,,,,448,352,426,495
"1375 UNIVERSITY STREET, HEALDSBURG, 95448",223,211,261,269,294,0,324,290,282,301,0,276,296,317,,,,
"13855 E 14th St, San Leandro, 94578",,,,,,,,,,,,,,,1227,,,
"13855 EAST 14TH STREET, SAN LEANDRO, 94578",1451,1303,1317,1133,1252,1121,1135,1052,1020,948,0,977,995,803,,,,
"1400 E Church St, Santa Maria, 93454",,,,,,,,,,,,,,,4980,3379,3794,4018
"1400 EAST CHURCH STREET, SANTA MARIA, 93454",1917,1907,1898,1965,1857,0,1295,1530,1639,2084,0,2411,2359,2306,,,,
"1401 Bailey Ave, Needles, 92363",,,,,,,,,,,,,,,435,378,346,378
"1401 BAILEY AVENUE, NEEDLES, 92363",531,228,230,266,287,0,204,202,251,211,0,214,254,233,,,,
"1401 GARCES HIGHWAY, DELANO, 93215",604,673,672,726,672,645,603,668,651,774,0,842,1025,948,,,,
"1401 Garces Hwy, Delano, 93215",,,,,,,,,,,,,,,2050,1441,1571,1666
"1401 S Grand Ave, Los Angeles, 90015",,,,,,,,,,,,,,,6695,4633,4952,4974
"1401 SOUTH GRAND AVENUE, LOS ANGELES, 90015",1534,2045,2014,2095,2231,1931,2003,1809,2283,2435,0,2224,2442,2513,,,,
"1411 E 31st St, Oakland, 94602",,,,,,,,,,,,,,,5081,4604,5355,5262
"1411 EAST 31ST STREET, OAKLAND, 94602",2604,2296,2801,2528,3526,3377,2941,3172,3247,2863,0,2677,2935,2885,,,,
"1415 Ross Ave, El Centro, 92243",,,,,,,,,,,,,,,4067,2745,2959,3049
"1415 ROSS AVENUE, EL CENTRO, 92243",1781,1717,1677,1787,1792,1991,2016,2183,2452,2365,0,2126,1885,2006,,,,
"1420 N Tracy Blvd, Tracy, 95376",,,,,,,,,,,,,,,2594,1893,2142,2281
"1420 NORTH TRACY BOULEVARD, TRACY, 95376",811,809,895,894,827,0,800,796,1004,954,0,989,958,1021,,,,
"1420 S Central Ave, Glendale, 91204",,,,,,,,,,,,,,,4306,2806,2837,3377
"1420 SOUTH CENTRAL AVENUE, GLENDALE, 91204",2391,2193,2437,2369,2315,2280,2185,2336,2400,2376,0,2410,2140,2293,,,,
"1425 S Main St, Walnut Creek, 94596",,,,,,,,,,,,,,,8536,6729,7827,8276
"1425 SOUTH MAIN STREET, WALNUT CREEK,  94596-5300",,,2861,2940,,,,,,,,,,,,,,
"1425 SOUTH MAIN STREET, WALNUT CREEK, 94596",,,,,,,3261,3476,3629,,,3417,3609,3679,,,,
"1425 SOUTH MAIN STREET, WALNUT CREEK, 94596-5300",2972,2780,,,3184,3433,,,,3589,0,,,,,,,
"1441 Constitution Blvd, Salinas, 93906",,,,,,,,,,,,,,,2424,1795,2011,2194
"1441 CONSTITUTION BOULEVARD, SALINAS, 93906",563,616,642,746,762,0,913,966,942,972,0,955,1029,1116,,,,
"1441 Florida Ave, Modesto, 95350",,,,,,,,,,,,,,,8941,6422,7423,7945
"1441 FLORIDA AVENUE, MODESTO, 95350",2886,2944,2842,2784,2854,0,3362,3433,3620,3699,0,3887,4190,4192,,,,
"14445 Olive View Dr, Sylmar, 91342",,,,,,,,,,,,,,,6398,4637,5291,5208
"14445 OLIVE VIEW DRIVE, SYLMAR, 91342",2348,2386,2572,2541,2683,2912,3086,2999,2854,2570,0,2223,2520,2699,,,,
"14662 Newport Ave, Tustin, 92780",,,,,,,,,,,,,,,358,277,395,376
"14662 NEWPORT AVENUE, TUSTIN, 92680",88,65,88,,,,,,,,,,,,,,,
"14662 NEWPORT AVENUE, TUSTIN, 92780",,,,,,,,,,,,0,138,178,,,,
"147 N Brent St, Ventura, 93003",,,,,,,,,,,,,,,3469,2579,3023,3623
"147 N. BRENT STREET, VENTURA, 93003",,,,,1705,0,1992,2002,2138,2135,0,1962,1022,970,,,,
"14850 Roscoe Blvd, Panorama City, 91402",,,,,,,,,,,,,,,1088,688,811,928
"14850 ROSCOE BOULEVARD, PANORAMA CITY, 91402",753,793,737,688,619,676,712,757,702,669,0,695,647,707,,,,
"150 PIONEER LANE, BISHOP, 93514",345,258,287,270,312,255,307,302,269,345,0,340,401,359,,,,
"150 Pioneer Ln, Bishop, 93514",,,,,,,,,,,,,,,693,521,520,526
"150 W Route 66, Glendora, 91740",,,,,,,,,,,,,,,197,,,
"150 WEST ROUTE 66, GLENDORA, 91740",458,358,267,188,189,196,151,152,128,135,0,102,180,173,,,,
"1500 EAST DUARTE ROAD, DUARTE, 91010",,,,,0,,,,,,,,,,,,,
"1500 SAN PABLO STREET, LOS ANGELES, 90033",,,,,0,,,,,,,,,0,,,,
"1501 Trousdale Dr, Burlingame, 94010",,,,,,,,,,,,,,,4989,3847,4295,4533
"1501 TROUSDALE DRIVE, BURLINGAME, 94010",,,,,,0,2057,2296,2369,2243,0,2307,2332,2529,,,,
"15031 Rinaldi St, Mission Hills, 91345",,,,,,,,,,,,,,,7127,5030,5809,6173
"15031 RINALDI STREET, MISSION HILLS, 91345",2470,2380,2211,2592,2550,2759,2773,2992,3163,3084,0,3223,3418,3440,,,,
"1509 EAST WILSON TERRACE, GLENDALE, 91206",2393,2388,2498,2726,3081,3305,3355,,,,,,,,,,,
"1509 Wilson Ter, Glendale, 91206",,,,,,,,,,,,,,,8011,5229,5707,5665
"1509 WILSON TERRACE, GLENDALE, 91206",,,,,,,,3336,3452,3227,0,3921,4160,4306,,,,
"15107 VAN OWEN STREET, VAN NUYS, 91405",1242,1118,1253,1445,1532,1526,1801,1958,2061,2205,0,,,,,,,
"15107 Vanowen St, Van Nuys, 91405",,,,,,,,,,,,,,,4187,2634,2956,3312
"15107 VANOWEN STREET, VAN NUYS, 91405",,,,,,,,,,,,2035,2077,2056,,,,
"1515 E Ocean Ave, Lompoc, 93436",,,,,,,,,,,,,,,1896,1454,1722,1581
"1515 E. OCEAN AVENUE, LOMPOC, 93436",,,,,,0,762,803,663,734,0,799,768,783,,,,
"15248 11th St, Victorville, 92395",,,,,,,,,,,,,,,2582,2008,2005,2074
"15248 ELEVENTH STREET, VICTORVILLE, 92392",1060,938,999,889,894,0,953,,,,,,,,,,,
"15248 ELEVENTH STREET, VICTORVILLE, 92395",,,,,,,,936,1209,1493,0,1348,1411,1350,,,,
"1531 ESPLANADE, CHICO, 95926",2011,1978,1862,2002,2201,2112,2397,2479,2645,2732,0,3188,3669,4035,7553,6034,6610,6704
"155 GLASSON WAY, GRASS VALLEY, 95945",1157,1227,1245,1174,1548,0,1711,1623,1581,1471,0,1550,1497,1566,2909,2325,2478,2183
"1555 Soquel Dr, Santa Cruz, 95065",,,,,,,,,,,,,,,5247,3991,4064,4143
"1555 SOQUEL DRIVE, SANTA CRUZ, 95065",1812,2107,2235,2132,2137,0,2223,2293,2454,2520,0,2599,2713,2851,,,,
"15615 Pomerado Rd, Poway, 92064",,,,,,,,,,,,,,,3275,2274,2437,2676
"15615 POMERADO ROAD, POWAY, 92064",1287,1219,1363,1456,1207,0,1520,1570,1511,1473,0,1591,1636,1718,,,,
"15630 18TH AVE - HWY 53, CLEARLAKE, 95422",588,515,529,445,362,380,494,597,821,651,0,,,,,,,
"15630 18TH AVE, CLEARLAKE, 95422",,,,,,,,,,,,864,890,900,1593,1152,1265,1295
"1600 Eureka Rd, Roseville, 95661",,,,,,,,,,,,,,,14888,11520,13117,13706
"1600 EUREKA ROAD, ROSEVILLE, 95661",2693,3174,3328,,,,3850,4588,4659,4836,0,5308,5973,6494,,,,
"1600 N Rose Ave, Oxnard, 93030",,,,,,,,,,,,,,,5209,3772,4376,4452
"1600 NORTH ROSE AVENUE, OXNARD, 93030",2061,2044,1880,1879,2003,0,2192,2150,2148,2442,0,2494,2706,2554,,,,
"1600 W Ave J, Lancaster, 93534",,,,,,,,,,,,,,,9874,7609,8144,8636
"1600 WEST AVENUE J, LANCASTER, 93534",3841,3563,3537,3589,3714,3789,3767,3763,3853,3776,0,3948,4204,4135,,,,
"1601 Ygnacio Valley Rd, Walnut Creek, 94598",,,,,,,,,,,,,,,5935,4567,5164,5335
"1601 YGNACIO VALLEY ROAD, WALNUT CREEK, 94598",2243,2347,2436,2526,2507,2631,2574,2638,2493,2649,0,2909,3018,3114,,,,
"16200 SAND CANYON AVENUE, IRVINE, 92718",1384,1350,1417,1073,24,,,,,,,,,,,,,
"16237 Ventura Blvd, Encino, 91436",,,,,,,,,,,,,,,827,509,554,671
"16237 VENTURA BOULEVARD, ENCINO, 91436",769,568,540,489,451,348,298,342,365,397,0,490,470,542,,,,
"16250 Sand Canyon Ave, Irvine, 92618",,,,,,,,,,,,,,,0,0,0,0
"16250 SAND CANYON AVENUE, IRVINE, 92618",,,,,,0,0,0,,0,0,0,0,0,,,,
"16453 SOUTH COLORADO AVENUE, PARAMOUNT, 90723",85,,,,,,,,,,,,,,,,,
"1650 Creekside Dr, Folsom, 95630",,,,,,,,,,,,,,,4438,3438,3805,3609
"1650 CREEKSIDE DRIVE, FOLSOM, 95630",988,1079,1058,1118,1081,0,1167,1364,1423,1677,0,1796,1903,1993,,,,
"1680 E 120th St, Los Angeles, 90059",,,,,,,,,,,,,,,8585,6314,7117,8798
"1680 EAST 120TH STREET, LOS ANGELES, 90059",,,,,,,,,,,,2144,2084,1710,,,,
"16850 Bear Valley Rd, Victorville, 92395",,,,,,,,,,,,,,,5313,3932,4208,4771
"16850 BEAR VALLEY ROAD, VICTORVILLE, 92392",1726,1574,1585,1557,1640,0,1851,,,,,,,,,,,
"16850 BEAR VALLEY ROAD, VICTORVILLE, 92395",,,,,,,,2100,2471,2443,0,2764,3218,3298,,,,
"170 ALAMEDA DE LAS PULGAS, REDWOOD CITY, 94062",1086,1122,1030,1044,1097,0,1050,1002,1006,945,0,908,896,985,,,,
"170 Alameda, Redwood City, 94062",,,,,,,,,,,,,,,2000,1439,1475,1741
"1700 Coffee Rd, Modesto, 95355",,,,,,,,,,,,,,,7402,5947,6597,6937
"1700 COFFEE ROAD, MODESTO, 95355",3520,3707,3677,4155,3979,0,4297,3785,3781,3738,0,3781,3853,3703,,,,
"1700 MOUNT VERNON AVENUE, BAKERSFIELD, 93306",,,,,1251,1274,1132,1025,1004,1028,0,1074,1263,1305,2816,2221,2502,2602
"1701 Santa Anita Ave, South El Monte, 91733",,,,,,,,,,,,,,,1617,1034,1170,1384
"1701 SANTA ANITA AVENUE, SOUTH EL MONTE, 91733",642,645,571,603,559,486,507,536,413,419,0,508,659,596,,,,
"17046 MARYGOLD AVENUE, FONTANA, 92335",,0,,,,,,,,,,,,,,,,
"1710 BARTON ROAD, REDLANDS, 92373",,,,,,,,,,,,,,0,,,,
"17100 Euclid St, Fountain Valley, 92708",,,,,,,,,,,,,,,6066,3866,3951,4032
"17100 EUCLID STREET, FOUNTAIN VALLEY, 92708",2344,2292,2389,2445,2772,0,2755,2841,2756,3005,0,3107,3273,3479,,,,
"1720 CESAR E. CHAVEZ AVENUE, LOS ANGELES, 90033",1765,1897,1961,2064,1966,2323,2538,2581,2309,2192,0,2414,2348,2385,,,,
"1720 E Cesar E Chavez Ave, Los Angeles, 90033",,,,,,,,,,,,,,,5506,3992,3890,4509
"1720 TERMINO AVE, LONG BEACH, 90804",,,,,,,,,,,,,,,,,315,
"1720 TERMINO AVENUE, LONG BEACH, 90804",855,870,868,978,964,957,933,867,833,952,0,965,895,338,,,,
"1777 W Yosemite Ave, Manteca, 95337",,,,,,,,,,,,,,,10356,7938,9392,9223
"1777 WEST YOSEMITE AVENUE, MANTECA, 95336",852,1006,884,999,2109,0,2478,2608,,3076,0,,,,,,,
"1777 WEST YOSEMITE AVENUE, MANTECA, 95337",,,,,,,,,2820,,,3161,3393,3907,,,,
"17772 Beach Blvd, Huntington Beach, 92647",,,,,,,,,,,,,,,1158,793,855,958
"17772 BEACH BOULEVARD, HUNTINGTON BEACH, 92647",1048,956,850,854,868,0,715,656,621,655,0,613,650,570,,,,
"1783 EL CAMINO REAL, BURLINGAME, 94010",1935,2116,2060,2277,2135,,,,,,,,,,,,,
"1798 N Garey Ave, Pomona, 91767",,,,,,,,,,,,,,,8810,6158,6995,7621
"1798 NORTH GAREY AVENUE, POMONA, 91767",3027,3054,2995,2998,3155,3616,3773,3730,3914,4058,0,4407,4330,4805,,,,
"180 ROLAND WAY, NOVATO, 94945",655,655,576,567,584,0,527,577,,499,0,,,,,,,
"180 ROWLAND WAY, NOVATO, 94945",,,,,,,,,581,,,584,537,535,1193,892,996,1065
"1800 N California St, Stockton, 95204",,,,,,,,,,,,,,,8449,7222,7719,7133
"1800 NORTH CALIFORNIA STREET, STOCKTON, 95204",2596,2541,2563,2599,2502,0,2631,2778,2874,3021,0,4364,4821,4648,,,,
"1800 Spring Ridge Dr, Susanville, 96130",,,,,,,,,,,,,,,902,662,750,759
"1800 SPRING RIDGE DRIVE, SUSANVILLE, 96130",340,347,344,386,352,362,324,282,328,327,0,386,409,387,,,,
"1805 Medical Center Dr, San Bernardino, 92411",,,,,,,,,,,,,,,4243,2899,3186,3226
"1805 MEDICAL CENTER DRIVE, SAN BERNARDINO, 92411",1455,1231,1279,1244,1186,0,1181,1065,1109,1179,0,1314,1404,1388,,,,
"1812 Verdugo Blvd, Glendale, 91208",,,,,,,,,,,,,,,2638,1786,1937,2113
"1812 VERDUGO BOULEVARD, GLENDALE, 91208",926,892,1031,992,988,929,966,960,924,982,0,918,1069,1185,,,,
"1830 FLOWER STREET, BAKERSFIELD,  93305-4197",,,1184,1178,,,,,,,,,,,,,,
"1830 FLOWER STREET, BAKERSFIELD, 93305-4197",1325,1348,,,,,,,,,,,,,,,,
"18300 HIGHWAY 18, APPLE VALLEY, 92307",2465,2695,3004,3525,3958,0,3880,,,,,,,,,,,
"18300 Roscoe Blvd, Northridge, 91325",,,,,,,,,,,,,,,6742,4695,5482,5365
"18300 ROSCOE BOULEVARD, NORTHRIDGE, 91325",,,,,,,,2719,2667,2704,0,3070,3041,3177,,,,
"18300 ROSCOE BOULEVARD, NORTHRIDGE, 91328",1879,1934,1827,2055,2142,2494,2735,,,,,,,,,,,
"18300 US HIGHWAY 18, APPLE VALLEY, 92307",,,,,,,,4350,4281,4193,0,4343,4630,4913,9536,6697,6778,7598
"18321 Clark St, Tarzana, 91356",,,,,,,,,,,,,,,4245,2836,3376,3866
"18321 CLARK STREET, TARZANA, 91356",2092,1802,1745,1810,1799,1928,2047,1968,2096,1969,0,2130,2165,2200,,,,
"184 HOT SPRINGS ROAD, GREENVILLE, 95947",0,,,,,,,,,,,,,,,,,
"1891 EFFIE STREET, LOS ANGELES, 90026",,,,,,,,0,,,,,,,,,,
"1900 Sullivan Ave, Daly City, 94015",,,,,,,,,,,,,,,2505,1551,1583,1706
"1900 SULLIVAN AVENUE, DALY CITY, 94015",1735,1714,1802,1914,1820,0,1748,1849,1823,1804,0,1757,1713,1649,,,,
"1911 Johnson Ave, San Luis Obispo, 93401",,,,,,,,,,,,,,,3113,2557,2954,3144
"1911 JOHNSON AVENUE, SAN LUIS OBISPO, 93401",800,792,910,832,939,0,858,873,911,1270,0,1429,1503,1653,,,,
"199 E Webster St, Colusa, 95932",,,,,,,,,,,,,,,437,314,333,349
"199 E WEBSTER STREET, COLUSA, 95932",,,,,,,,,,,,,6,220,,,,
"199 EAST WEBSTER STREET, COLUSA, 95932",315,243,228,258,254,215,195,254,253,240,0,72,,,,,,
"200 MISSION BLVD, JACKSON, 95642",736,726,762,786,677,738,827,1057,1062,936,0,956,915,1013,1782,1576,1799,1914
"200 MUIR ROAD, MARTINEZ, 94596",0,,,,,,,,,,,,,,,,,
"200 W Arbor Dr, San Diego, 92103",,,,,,,,,,,,,,,6224,6864,7986,7985
"200 WEST ARBOR DRIVE, SAN DIEGO, 92103",2332,2312,2370,2471,2486,0,2824,3070,3120,3572,0,3891,3322,2722,,,,
"2000 Mowry Ave, Fremont, 94538",,,,,,,,,,,,,,,5646,4413,4005,4582
"2000 MOWRY AVENUE, FREMONT, 94538",2373,2308,2338,2500,2667,2709,2627,2614,2658,2772,0,2746,2983,2939,,,,
"2000 Sutter Pl, Davis, 95616",,,,,,,,,,,,,,,2294,1885,2030,2248
"2000 SUTTER PLACE, DAVIS, 95616",671,690,653,642,740,0,749,925,898,861,0,905,997,1039,,,,
"2000 VALE ROAD, SAN PABLO, 94806",2131,1851,1904,1830,1837,1987,2000,2141,2012,1660,0,,,,,,,
"2001 DWIGHT WAY, BERKELEY, 94704",0,0,0,,,,0,,,0,,,,,,,,
"20103 LAKE CHABOT RD, CASTRO VALLEY, 94546",,,,,,,,,1925,1767,0,1930,1789,1995,3777,2916,3212,3132
"20103 LAKE CHABOT ROAD, CASTRO VALLEY, 94546",1556,1524,1451,1227,1393,1610,1735,1859,,,,,,,,,,
"2025 Morse Ave, Sacramento, 95825",,,,,,,,,,,,,,,10589,7778,8908,9370
"2025 MORSE AVENUE, SACRAMENTO, 95825",2712,3065,3230,6802,7424,0,3700,3247,3319,3298,0,3566,3956,4085,,,,
"2050 Viborg Rd, Solvang, 93463",,,,,,,,,,,,,,,778,588,666,660
"2050 VIBORG ROAD, SOLVANG, 93463",,,,146,237,0,336,351,341,375,0,343,346,420,,,,
"207 W Legion Rd, Brawley, 92227",,,,,,,,,,,,,,,3358,2234,2615,2953
"207 WEST LEGION ROAD, BRAWLEY, 92227",985,920,958,916,1087,1134,991,1048,1144,1210,0,1412,1356,1554,,,,
"2070 CENTURY PARK EAST, LOS ANGELES, 90067",,259,507,37,,,,,,,,,,,,,,
"2070 CLINTON AVE, ALAMEDA, 94501",,,,,,,,,659,,,590,629,681,1335,1006,972,1151
"2070 CLINTON, ALAMEDA, 94501",766,967,919,753,734,655,624,725,,670,0,,,,,,,
"210 W San Bernardino Rd, Covina, 91723",,,,,,,,,,,,,,,4189,2925,3153,3294
"210 W. SAN BERNARDINO ROAD, COVINA, 91723",1333,1316,1507,1417,1317,1308,1488,1721,1636,1670,0,1671,1954,1957,,,,
"2101 N Waterman Ave, San Bernardino, 92404",,,,,,,,,,,,,,,8242,6270,6562,6507
"2101 NORTH WATERMAN AVENUE, SAN BERNARDINO, 92404",2539,2712,2782,2929,2803,0,3003,3020,3117,3206,0,3658,3730,3864,,,,
"2105 Forest Ave, San Jose, 95128",,,,,,,,,,,,,,,3448,2963,3643,4617
"2105 FOREST AVENUE, SAN JOSE, 95128",1960,2058,1875,1917,1929,0,1837,1726,1827,1749,0,1760,1854,1844,,,,
"2121 Santa Monica Blvd, SANTA MONICA, 90404",,,,,,1803,1643,,,,,,,,3225,2282,2707,3077
"2121 SANTA MONICA BLVD., SANTA MONICA, 90404",,,,,,,,1460,1394,1487,0,1618,1842,1882,,,,
"2131 W 3rd St, Los Angeles, 90057",,,,,,,,,,,,,,,2760,58,,
"2131 WEST 3RD STREET, LOS ANGELES, 90057",202,596,866,964,1078,1078,1075,1227,1165,1191,0,1883,1874,1891,,,,
"215 W Janss Rd, Thousand Oaks, 91360",,,,,,,,,,,,,,,6119,4487,4816,5084
"215 WEST JANSS ROAD, THOUSAND OAKS, 91360",1978,1988,1981,2161,2163,0,2523,2521,2625,2847,0,3085,3181,3403,,,,
"2150 STOCKTON BOULEVARD, SACRAMENTO, 95817",,,,,0,,,,,,,,,,,,,
"21530 PIONEER BOULEVARD, HAWAIIAN GARDENS, 90716",,,,,,,,,,,,303,23,,,,,
"21530 SOUTH PIONEER BOULEVARD, HAWAIIAN GARDENS, 90716",360,481,465,519,559,592,534,478,567,611,0,,,,,,,
"2170 South Ave, South Lake Tahoe, 96150",,,,,,,,,,,,,,,1191,993,1085,1195
"2170 SOUTH AVENUE, SOUTH LAKE TAHOE, 96150",661,598,661,624,619,517,558,550,594,584,0,655,654,647,,,,
"2175 Rosaline Ave, Redding, 96001",,,,,,,,,,,,,,,5457,4270,4525,5070
"2175 ROSALINE AVENUE, REDDING, 96001",1899,1936,1953,2150,2330,0,2479,2505,2303,2387,0,2692,2872,3011,,,,
"2185 W CITRACADO PKWY, ESCONDIDO, 92029",,,,,,,,,,,,,,,,,2448,8205
"2215 Truxtun Ave, Bakersfield, 93301",,,,,,,,,,,,,,,5492,4514,4547,4112
"2215 TRUXTUN AVENUE, BAKERSFIELD, 93301",1590,1980,2065,1868,1591,1446,1650,1544,1745,1764,0,1898,2299,2272,,,,
"222 W 39th Ave, San Mateo, 94403",,,,,,,,,,,,,,,2444,1487,1905,1949
"222 WEST 39TH AVENUE, SAN MATEO, 94403",1064,1054,947,1000,1027,0,1242,1161,1347,1218,0,918,969,948,,,,
"2231 SOUTH WESTERN AVENUE, LOS ANGELES, 90018",,0,49,324,262,258,319,300,69,,,,,,,,,
"225 N Jackson Ave, San Jose, 95116",,,,,,,,,,,,,,,7834,5125,5774,6067
"225 NORTH JACKSON AVENUE, SAN JOSE, 95116",2213,2389,2253,2289,2379,0,2579,2748,3210,3224,0,4311,4151,3973,,,,
"228 MC DOWELL STREET, ALTURAS, 96101",85,115,103,116,118,0,139,,,,,,,,,,,
"228 W Mcdowell Ave, Alturas, 96101",,,,,,,,,,,,,,,342,281,,
"228 WEST MCDOWELL AVENUE, ALTURAS, 96101",,,,,,,,125,138,156,0,139,162,166,,,,
"2309 Antonio Ave, Camarillo, 93010",,,,,,,,,,,,,,,2366,1667,1966,2219
"2309 ANTONIO AVENUE, CAMARILLO, 93010",1015,983,1069,970,983,0,990,1136,1135,1073,0,1122,1097,1031,,,,
"2315 Stockton Blvd, Sacramento, 95817",,,,,,,,,,,,,,,7296,5823,6766,7096
"2315 STOCKTON BOULEVARD, SACRAMENTO, 95817",2431,2437,2848,2978,2737,0,3250,3152,3242,3475,0,3292,3752,3886,,,,
"2333 Buchanan St, San Francisco, 94115",,,,,,,,,,,,,,,662,,,
"2333 BUCHANAN STREET, SAN FRANCISCO, 94115",2595,2457,2251,2327,2430,0,2271,2209,2266,2213,0,2147,2102,2121,,,,
"235 NORTH HOOVER STREET, LOS ANGELES, 90004",,,,,,,,0,,,,,,,,,,
"23625 Holman Hwy, Monterey, 93940",,,,,,,,,,,,,,,4733,3456,4044,4397
"23625 W. R. HOLMAN HIGHWAY, MONTEREY, 93940",2070,2055,1985,1908,1875,0,2071,1968,2115,2089,0,2450,2563,2736,,,,
"23845 MCBEAN PARKWAY, VALENCIA, 91355",,,,,,,,,,,,2839,2863,3112,,,,
"23845 Mcbean Pkwy, Valencia, 91355",,,,,,,,,,,,,,,7297,5127,5602,6008
"23845 WEST MCBEAN PARKWAY, VALENCIA, 91355",1894,1893,1878,2036,2066,2155,2162,2383,2357,2764,0,,,,,,,
"240 Spruce St, Gridley, 95948",,,,,,,,,,,,,,,684,566,631,689
"240 SPRUCE STREET, GRIDLEY, 95948",230,241,307,246,260,230,260,266,368,326,0,293,273,297,,,,
"2400 E 4th St, National City, 91950",,,,,,,,,,,,,,,2096,1284,1515,1651
"2400 EAST FOURTH STREET, NATIONAL CITY, 91950",,,,,,,,1458,1341,1071,0,1328,1451,1336,,,,
"2400 EAST FOURTH STREET, NATIONAL CITY, 92050",1634,1628,1647,1598,1471,0,1518,,,,,,,,,,,
"2400 SOUTH FLOWER STREET, LOS ANGELES, 90007",9,,,,,,,,,,,,,,,,,
"2425 Geary Blvd, San Francisco, 94115",,,,,,,,,,,,,,,4466,3257,3796,3739
"2425 GEARY BOULEVARD, SAN FRANCISCO, 94115",2062,2047,1939,2014,1988,0,2010,1923,1749,1896,0,1947,1979,2004,,,,
"2425 Samaritan Dr, San Jose, 95124",,,,,,,,,,,,,,,6831,5002,5470,5957
"2425 SAMARITAN DRIVE, SAN JOSE, 95124",2080,2056,2109,2146,2430,0,2566,2425,2584,2756,0,3032,3239,3513,,,,
"2425 STOCKTON BLVD, SACRAMENTO, 95817",,,0,,,,,,,,,,,,,,,
"24451 Health Center Dr, Laguna Hills, 92653",,,,,,,,,,,,,,,5328,3741,4328,4121
"24451 HEALTH CENTER DRIVE, LAGUNA HILLS, 92653",3052,3199,3053,2936,3740,0,3891,3631,3626,3684,0,3118,3070,3199,,,,
"2450 Ashby Ave, Berkeley, 94705",,,,,,,,,,,,,,,3649,2529,2771,2984
"2450 ASHBY AVENUE, BERKELEY, 94705",,,,,,,,,2061,,,1771,1709,1566,,,,
"2450 ASHBY STREET, BERKELEY, 94705",2203,2196,2278,2145,2066,2014,1847,1827,,1860,0,,,,,,,
"250 Bon Air Rd, Greenbrae, 94904",,,,,,,,,,,,,,,3599,2595,3242,3337
"250 BON AIR ROAD, GREENBRAE, 94904",1726,1752,1679,1595,1524,0,1654,1633,1562,1728,0,1634,1692,1720,,,,
"250 HOSPITAL PARKWAY, SAN JOSE, 95119",2474,2557,2535,2398,2260,0,2747,2903,2789,2905,0,2885,3105,3280,,,,
"250 Hospital Pkwy, San Jose, 95119",,,,,,,,,,,,,,,7698,5769,6316,6894
"250 N 1st St, Blythe, 92225",,,,,,,,,,,,,,,804,852,773,754
"250 NORTH FIRST STREET, BLYTHE, 92225",461,518,518,380,480,0,468,514,422,367,0,445,471,527,,,,
"250 Prospect Pl, Coronado, 92118",,,,,,,,,,,,,,,1350,1140,1535,1758
"250 PROSPECT PLACE, CORONADO, 92118",402,481,499,495,449,0,371,387,435,460,0,451,540,559,,,,
"250 S Grand Ave, Glendora, 91741",,,,,,,,,,,,,,,3239,2235,2538,2682
"250 SOUTH GRAND AVENUE, GLENDORA, 91741",999,988,996,1147,1014,865,962,967,842,959,0,1139,1316,1273,,,,
"2500 Alhambra Ave, Martinez, 94553",,,,,,,,,,,,,,,2733,1874,2221,2145
"2500 ALHAMBRA AVENUE, MARTINEZ, 94553",1222,1319,1386,1518,1503,1668,1615,1650,1624,1546,0,1367,1317,1183,,,,
"2500 Grant Rd, Mountain View, 94040",,,,,,,,,,,,,,,6881,4745,6013,6687
"2500 GRANT ROAD, MOUNTAIN VIEW, 94040",2039,2117,2053,2251,2138,0,2627,2595,2709,2936,0,3001,3256,3380,,,,
"2500 Merced St, San Leandro, 94577",,,,,,,,,,,,,,,7527,5640,6357,6453
"2500 MERCED STREET, SAN LEANDRO, 94577",,,,,,,,,,1479,0,2704,2798,3151,,,,
"2510 N CALIFORNIA ST, STOCKTON, 95204",,,,,,,,,,,,,,,,,,0
"2540 East St, Concord, 94520",,,,,,,,,,,,,,,6340,4705,5619,5786
"2540 EAST STREET, CONCORD, 94520",2443,2603,2483,2264,2157,2245,2373,2533,2341,2603,0,3042,3313,3424,,,,
"255 E BONITA AVE, POMONA, 91767",,,,,,,,,,,,,,,,,0,0
"2550 Sister Mary Columba Dr, Red Bluff, 96080",,,,,,,,,,,,,,,2566,1972,1950,2059
"2550 SISTER MARY COLUMBA DRIVE, RED BLUFF, 96080",855,861,968,909,960,0,964,991,945,1025,0,1024,1016,1161,,,,
"25500 Medical Center Dr, Murrieta, 92562",,,,,,,,,,,,,,,8736,6430,7012,6929
"25500 MEDICAL CENTER DRIVE, MURRIETA, 92562",3681,3716,3623,3735,4029,0,3924,3748,3381,3289,0,3537,3655,3719,,,,
"25825 SOUTH VERMONT AVENUE, HARBOR CITY, 90710",2078,2591,2640,2977,2952,3019,3030,2955,2822,2977,0,3187,3454,3721,,,,
"25825 Vermont Ave, Harbor City, 90710",,,,,,,,,,,,,,,8642,6253,6963,6874
"2601 E Chapman Ave, Orange, 92869",,,,,,,,,,,,,,,454,374,319,402
"2601 EAST CHAPMAN AVENUE, ORANGE, 92669",410,428,384,384,375,0,302,,,,,,,,,,,
"2601 EAST CHAPMAN AVENUE, ORANGE, 92869",,,,,,,,298,238,265,0,240,260,251,,,,
"2615 Chester Ave, Bakersfield, 93301",,,,,,,,,,,,,,,9178,6908,7172,7806
"2615 CHESTER AVENUE, BAKERSFIELD, 93301",,,1855,2027,2829,3263,3568,3792,3746,4161,0,4091,4290,4346,,,,
"2615 EYE STREET, BAKERSFIELD, 93301",1889,1861,,,,,,,,,,,,,,,,
"2623 E Slauson Ave, Huntington Park, 90255",,,,,,,,,,,,,,,3120,1937,2121,2281
"2623 EAST SLAUSON AVENUE, HUNTINGTON PARK, 90255",575,533,487,581,650,800,781,666,1200,1216,0,1322,1241,1437,,,,
"26520 Cactus Ave, Moreno Valley, 92555",,,,,,,,,,,,,,,7101,5196,6346,6800
"26520 CACTUS AVENUE, MORENO VALLEY, 92555",2138,2468,2717,2848,3128,0,3519,3250,3122,2908,0,2882,3220,3371,,,,
"2700 Dolbeer St, Eureka, 95501",,,,,,,,,,,,,,,3122,2342,2509,2884
"2700 DOLBEER STREET, EUREKA, 95501",915,901,924,1012,1023,1092,1277,1430,1528,1673,0,1836,1846,1851,,,,
"2701 BRISTOL STREET, SANTA ANA, 92704",533,464,488,466,469,0,659,,,,,,,,,,,
"2701 S Bristol St, Santa Ana, 92704",,,,,,,,,,,,,,,1037,651,609,693
"2701 S. BRISTOL STREET, SANTA ANA, 92704",,,,,,,,576,439,485,0,478,480,428,,,,
"27200 Calaroga Ave, Hayward, 94545",,,,,,,,,,,,,,,2969,1947,1966,2129
"27200 CALAROGA AVENUE, HAYWARD, 94545",1324,1299,1441,1347,1401,1511,1694,1531,1567,1403,0,1529,1526,1676,,,,
"27300 Iris Ave, Moreno Valley, 92555",,,,,,,,,,,,,,,4967,3936,4611,4761
"27300 IRIS AVENUE, MORENO VALLEY, 92555",1031,904,867,947,903,0,1063,1068,1197,1180,0,1418,1572,1684,,,,
"2740 GRANT STREET, CONCORD, 94520",0,,,,,,,,,,,,,,,,,
"27400 HESPERIAN BOULEVARD, HAYWARD, 94545",2427,2209,2062,2025,3744,3713,3792,3782,3931,1903,,,,,,,,
"275 Hospital Dr, Ukiah, 95482",,,,,,,,,,,,,,,2054,1681,1867,1863
"275 HOSPITAL DRIVE, UKIAH, 95482",770,735,867,883,851,0,876,947,906,903,0,1074,1022,1045,,,,
"275 W Macarthur Blvd, Oakland, 94611",,,,,,,,,,,,,,,13183,9630,10928,11369
"275 W. MACARTHUR BLVD., OAKLAND, 94611",,,,,,,,,,2247,0,5299,5566,5524,,,,
"2755 Herndon Ave, Clovis, 93611",,,,,,,,,,,,,,,6788,5245,5284,6393
"2755 HERNDON AVENUE, CLOVIS, 93611",,,,,,,,1412,1810,2121,0,2577,2600,2799,,,,
"2755 HERNDON AVENUE, CLOVIS, 93612",1035,987,1055,1200,1097,1021,1190,,,,,,,,,,,
"2767 OLIVE HIGHWAY, OROVILLE, 95966",1459,1405,1374,1424,1539,1644,1565,1593,1570,1789,0,1778,1789,1772,,,,
"2767 Olive Hwy, Oroville, 95966",,,,,,,,,,,,,,,2835,2437,2382,2229
"27700 Medical Center Rd, Mission Viejo, 92691",,,,,,,,,,,,,,,7589,5514,5099,5251
"27700 MEDICAL CENTER ROAD, MISSION VIEJO, 92691",2818,2727,2984,3127,3171,0,3267,3582,3437,3488,0,3813,4010,4139,,,,
"27700 MEDICAL CTR. RD., 5TH FL, MISSION VIEJO, 92691",27,24,40,41,40,0,33,42,30,32,0,67,71,57,,,,
"2776 Pacific Ave, Long Beach, 90806",,,,,,,,,,,,,,,934,603,650,743
"2776 PACIFIC AVENUE, LONG BEACH, 90806",422,359,366,403,472,496,482,472,430,488,0,456,515,541,,,,
"280 W. MACARTHUR BOULEVARD, OAKLAND,  94611-5693",,,2316,2206,,,,,,,,,,,,,,
"280 W. MACARTHUR BOULEVARD, OAKLAND, 94611",,,,,,,4180,4193,4411,,,,,,,,,
"280 W. MACARTHUR BOULEVARD, OAKLAND, 94611-5693",2754,2605,,,3522,3979,,,,2342,,,,,,,,
"2801 Atlantic Ave, Long Beach, 90806",,,,,,,,,,,,,,,9130,5874,6774,6011
"2801 ATLANTIC AVENUE, LONG BEACH, 90806",4006,4138,4361,4144,3820,4053,4006,4193,3983,4196,0,4201,4120,4377,,,,
"2801 L STREET, SACRAMENTO, 95816",1660,1739,1862,1931,1804,0,1956,2149,,2250,0,,,,,,,
"28062 BAXTER ROAD, MURRIETA, 92563",,,,,,,485,1382,2703,2619,0,2659,2898,3549,,,,
"28100 Baxter Rd, Murrieta, 92563",,,,,,,,,,,,,,,6983,5457,5829,7195
"2823 FRESNO AND R STREETS, FRESNO, 93721",2639,2941,3808,4531,4580,4942,5086,,,,,,,,,,,
"2823 Fresno St, Fresno, 93721",,,,,,,,,,,,,,,10387,8453,9060,9603
"2823 FRESNO STREET, FRESNO, 93721",,,,,,,,5364,5456,5615,0,5440,5313,5354,,,,
"2825 CAPITOL AVE, SACRAMENTO, 95816",,,,,,,,,2180,,,4031,3908,3820,7937,6674,7228,7297
"28400 Mccall Blvd, Sun City, 92585",,,,,,,,,,,,,,,1548,1085,1130,1190
"28400 MCCALL BOULEVARD, SUN CITY, 92585",1831,1686,1513,1431,1478,0,1548,1368,1189,1006,0,962,961,873,,,,
"2900 CHANTICLEER AVENUE, SANTA CRUZ, 95065",,,,,,,,,,0,,,,,,,,
"2900 E DEL MAR BLVD, PASADENA, 91107",,,,,,,,,,,,,,,,,0,0
"29101 Hospital Rd, Lake Arrowhead, 92352",,,,,,,,,,,,,,,530,516,542,566
"29101 HOSPITAL ROAD, LAKE ARROWHEAD, 92352",165,180,175,235,238,0,233,232,242,267,0,290,320,351,,,,
"2975 NORTH SYCAMORE DRIVE, SIMI VALLEY, 93065",1157,1002,1022,1053,1150,0,1229,1307,1220,1301,0,,,,,,,
"2975 Sycamore Dr, Simi Valley, 93065",,,,,,,,,,,,,,,3937,3049,3230,3821
"2975 SYCAMORE DRIVE, SIMI VALLEY, 93065",,,,,,,,,,,,1628,1775,1793,,,,
"30 Mark West Springs Rd, Santa Rosa, 95403",,,,,,,,,,,,,,,3172,2681,3171,3047
"30 MARK WEST SPRINGS RD., SANTA ROSA, 95403",,,,,,,,,,223,0,1326,1255,1437,,,,
"300 Canal St, King City, 93930",,,,,,,,,,,,,,,418,413,479,576
"300 CANAL STREET, KING CITY, 93930",219,254,245,219,233,0,192,199,199,230,0,265,247,279,,,,
"300 HILLMONT AVE, VENTURA, 93003",,,,,,,,,,,,,1267,1258,3124,2337,2712,2960
"300 Hospital Dr, Vallejo, 94589",,,,,,,,,,,,,,,2476,1861,1898,1887
"300 HOSPITAL DRIVE, VALLEJO, 94589",,,,,,,,,1354,,,1358,1345,1159,,,,
"300 HOSPITAL DRIVE, VALLEJO, 94590",1164,1314,1204,1192,1165,0,1334,1446,,1473,0,,,,,,,
"300 Pasteur Dr, Palo Alto, 94305",,,,,,,,,,,,,,,5820,4993,5817,6608
"300 PASTEUR DRIVE, PALO ALTO, 94305",1748,1962,1979,2083,2169,0,2184,2178,2190,2500,0,2695,2867,3049,,,,
"300 W Huntington Dr, Arcadia, 91007",,,,,,,,,,,,,,,6082,4071,4492,4557
"300 WEST HUNTINGTON DRIVE, ARCADIA, 91007",2613,2679,2683,2987,2788,2885,2868,2935,2805,2743,0,3137,3190,3280,,,,
"3001 Sillect Ave, Bakersfield, 93308",,,,,,,,,,,,,,,3637,3029,3476,3187
"3001 SILLECT AVENUE, BAKERSFIELD, 93308",2053,1810,2035,1880,1860,1923,1880,1894,2058,1985,0,1877,1716,1797,,,,
"3003 HEALTH CENTER DR, SAN DIEGO, 92123",,,,,,,,,,,,,,,,,0,
"3003 HEALTH CENTER DRIVE, SAN DIEGO, 92123",1,1,0,0,0,,,0,,0,0,,0,0,,,,
"301 EAST 13TH STREET, MERCED, 95340",2002,1977,2114,2060,2030,,,,,,,,,,,,,
"301 VICTORIA STREET, COSTA MESA, 92627",0,,,,,,,,,,,,,,,,,
"3012 SUMMIT STREET, 5TH FLOOR, OAKLAND, 94609",,0,0,,0,,,0,,,,,,,,,,
"3020 CHILDRENS WAY, SAN DIEGO, 92123",185,192,188,206,196,0,215,,,303,0,,,,1867,1328,1672,1739
"3020 CHILDREN'S WAY, SAN DIEGO, 92123",,,,,,,,252,246,,,369,421,386,,,,
"3033 W Orange Ave, Anaheim, 92804",,,,,,,,,,,,,,,2766,1904,2044,2382
"3033 WEST ORANGE AVENUE, ANAHEIM, 92804",1557,1388,1376,1477,1507,0,1539,1467,1373,1593,0,1415,1530,1694,,,,
"309 W Beverly Blvd, Montebello, 90640",,,,,,,,,,,,,,,3615,2522,2653,2614
"309 WEST BEVERLY BOULEVARD, MONTEBELLO, 90640",1610,1647,1659,1611,1494,1647,1595,1564,1610,1504,0,1424,1599,1635,,,,
"315 Camino Del Remedio, Santa Barbara, 93110",,,,,,,,,,,,,,,0,,,
"31700 TEMECULA PKWY, TEMECULA, 92592",,,,,,,,,196,1506,0,2882,2818,3161,6580,4810,5173,5233
"31872 COAST HIGHWAY, LAGUNA BEACH, 92651",,,,,,,,414,361,339,0,402,422,479,,,,
"31872 COAST HIGHWAY, LAGUNA BEACH, 92677",805,682,539,549,457,0,353,,,,,,,,,,,
"31872 Coast Hwy, Laguna Beach, 92651",,,,,,,,,,,,,,,1089,858,897,935
"320 WEST PUEBLO STREET, SANTA BARBARA, 93105",1585,1672,1589,1775,2012,0,2329,,,,,,,,,,,
"323 SOUTH HELIOTROPE AVENUE, MONROVIA, 91016",,,,,,,,,,,,,0,,,,,
"3291 LOMA VISTA ROAD, VENTURA, 93003",1131,1195,1342,1331,1399,0,1452,1563,1613,1323,0,1177,,,,,,
"3300 Renner Dr, Fortuna, 95540",,,,,,,,,,,,,,,1005,789,776,766
"3300 RENNER DRIVE, FORTUNA, 95540",404,403,386,344,367,400,404,467,434,438,0,484,500,552,,,,
"3325 CHANATE ROAD, SANTA ROSA, 95404",885,749,754,663,647,0,848,987,927,861,,,,,,,,
"333  MERCY AVENUE, MERCED, 95340",,,,,,0,2444,2482,2539,2471,0,2539,2933,3157,,,,
"333 Mercy Ave, Merced, 95340",,,,,,,,,,,,,,,6362,4741,5214,5357
"333 NORTH PRAIRIE AVENUE, INGLEWOOD, 90301",1803,1506,,,,,,,,,,,,,,,,
"3330 Lomita Blvd, Torrance, 90505",,,,,,,,,,,,,,,9699,7230,8435,9027
"3330 LOMITA BOULEVARD, TORRANCE, 90505",,,,,,,,,3983,,,4516,4299,4690,,,,
"3330 WEST LOMITA BOULEVARD, TORRANCE,  90505-5073",,,3558,3514,,,,,,,,,,,,,,
"3330 WEST LOMITA BOULEVARD, TORRANCE, 90505",,,,,,,3938,4303,,,,,,,,,,
"3330 WEST LOMITA BOULEVARD, TORRANCE, 90505-5073",3266,3317,,,3754,4021,,,,4063,0,,,,,,,
"3350 WEST BALL ROAD, ANAHEIM, 92804",367,268,259,228,169,0,125,205,36,,,,,,,,,
"3440 E LA PALMA AVE, ANAHEIM, 92806",,,,,,,,,3850,4292,0,4865,5198,5319,13785,10036,11401,11663
"345 S Halcyon Rd, Arroyo Grande, 93420",,,,,,,,,,,,,,,1913,1575,1800,1935
"345 SOUTH HALCYON ROAD, ARROYO GRANDE, 93420",842,945,898,886,930,0,597,570,577,796,0,890,911,935,,,,
"347 Andrieux St, Sonoma, 95476",,,,,,,,,,,,,,,893,662,840,879
"347 ANDRIEUX STREET, SONOMA, 95476",433,409,393,466,431,0,462,457,371,418,0,421,450,458,,,,
"3475 KENYON STREET, SAN DIEGO, 92110",,,,0,,,,,,,,,,,,,,
"350 Hawthorne Ave, Oakland, 94609",,,,,,,,,,,,,,,5870,4389,4863,4837
"350 HAWTHORNE AVENUE, OAKLAND, 94609",2250,2708,2576,2741,2726,2779,2756,2670,2779,3017,0,3154,3096,3316,,,,
"350 S Oak Ave, Oakdale, 95361",,,,,,,,,,,,,,,1188,829,992,1003
"350 SOUTH OAK STREET, OAKDALE, 95361",555,561,486,655,509,0,459,523,475,523,0,580,701,632,,,,
"350 Terracina Blvd, Redlands, 92373",,,,,,,,,,,,,,,4405,3419,4014,4065
"350 TERRACINA BOULEVARD, REDLANDS, 92373",1911,2005,1960,1956,1859,0,1917,1951,1990,2025,0,1921,2126,2160,,,,
"351 S Patterson Ave, Santa Barbara, 93111",,,,,,,,,,,,,,,1297,956,1063,1247
"351 SOUTH PATTERSON AVENUE, SANTA BARBARA, 93111",272,247,295,244,460,0,490,513,438,446,0,552,561,639,,,,
"354 Santa Fe Dr, Encinitas, 92024",,,,,,,,,,,,,,,6767,5099,5693,5916
"354 SANTA FE DRIVE, ENCINITAS, 92024",1749,1821,1978,2103,2346,0,2388,2403,2469,2566,0,2789,2808,2984,,,,
"3555 Cesar Chavez St, San Francisco, 94110",,,,,,,,,,,,,,,1550,1178,1273,1376
"3555 CESAR CHAVEZ STREET, SAN FRANCISCO, 94110",889,561,590,793,791,0,673,794,649,643,0,670,664,633,,,,
"3598 Homestead Rd, Santa Clara, 95051",,,,,,,,,,,,,,,0,0,,
"3630 E Imperial Hwy, Lynwood, 90262",,,,,,,,,,,,,,,6351,4005,4167,4461
"3630 E. IMPERIAL HIGHWAY, LYNWOOD, 90262",,,,,,,,2436,2389,2657,0,2953,3330,3225,,,,
"3630 IMPERIAL HIGHWAY, LYNWOOD, 90262",2526,2486,2640,2703,2716,2362,2403,,,,,,,,,,,
"3700 EAST SOUTH STREET, LAKEWOOD, 90712",1921,1889,1865,1962,1991,2103,2372,2545,2573,2669,0,,,,,,,
"3700 South St, Lakewood, 90712",,,,,,,,,,,,,,,5164,3507,3775,4066
"3700 SOUTH STREET, LAKEWOOD, 90712",,,,,,,,,,,,2537,2458,2519,,,,
"372 W Cypress Ave, Reedley, 93654",,,,,,,,,,,,,,,1535,1077,1294,1310
"372 WEST CYPRESS AVENUE, REEDLEY, 93654",509,370,336,353,311,294,316,347,360,454,0,512,640,684,,,,
"3751 Katella Ave, Los Alamitos, 90720",,,,,,,,,,,,,,,4795,3678,3804,3956
"3751 KATELLA AVENUE, LOS ALAMITOS, 90720",1911,1888,2033,2021,2156,0,2323,2263,2275,2265,0,2261,2241,2492,,,,
"3800 Janes Rd, Arcata, 95521",,,,,,,,,,,,,,,1051,782,744,826
"3800 JANES ROAD, ARCATA, 95521",601,580,477,525,486,432,467,530,471,580,0,535,555,550,,,,
"3828 Delmas Ter, Culver City, 90232",,,,,,,,,,,,,,,1468,1017,1168,1250
"3828 DELMAS TERRACE, CULVER CITY, 90231",1204,1136,1092,1143,1113,1123,1041,1134,1004,977,0,,,,,,,
"3828 DELMAS TERRACE, CULVER CITY, 90232",,,,,,,,,,,,705,736,741,,,,
"3840 HOMESTEAD ROAD, SANTA CLARA, 95051",,,,,,,0,,,0,,,0,0,,,,
"3851 ROSECRANS STREET, SAN DIEGO, 92110",,,0,0,,,,,,,,,,,,,,
"38600 Medical Center Dr, Palmdale, 93551",,,,,,,,,,,,,,,6070,4367,4877,4774
"38600 MEDICAL CENTER DRIVE, PALMDALE, 93551",,,,,,,2442,2369,2472,2692,0,2959,2791,2734,,,,
"3865 Jackson St, Riverside, 92503",,,,,,,,,,,,,,,3285,2409,2970,3436
"3865 JACKSON STREET, RIVERSIDE, 92503",1207,1328,1357,1266,1227,0,1453,1643,1584,1610,0,1471,1396,1384,,,,
"39000 Bob Hope Dr, Rancho Mirage, 92270",,,,,,,,,,,,,,,8233,6278,7206,8712
"39000 BOB HOPE DRIVE, RANCHO MIRAGE, 92270",,,,,,,,5206,4923,4727,0,5058,5931,5589,,,,
"39-000 BOB HOPE DRIVE, RANCHO MIRAGE, 92270",3824,3896,4240,4581,4281,0,4823,,,,,,,,,,,
"39001 Sundale Dr, Fremont, 94538",,,,,,,,,,,,,,,0,,,
"3901 LONE TREE WAY, ANTIOCH, 94509",1769,2187,2014,1639,1704,1837,1985,2057,1917,1942,0,2059,2067,2131,4859,3619,3681,3771
"39400 PASEO PADRE PARKWAY, FREMONT, 94538",1508,1511,1472,1402,,,,,,921,0,1711,1681,1853,,,,
"39400 Paseo Padre Pkwy, Fremont, 94538",,,,,,,,,,,,,,,4600,3410,4165,4405
"400 N Mcdowell Blvd, Petaluma, 94954",,,,,,,,,,,,,,,1734,1176,1394,1491
"400 N. PEPPER AVENUE, COLTON,  92324-1816",,,5232,5547,,,,,,,,,,,,,,
"400 N. PEPPER AVENUE, COLTON, 92324",,,,,,,6895,6276,5951,,,3672,3453,3802,6892,4742,5399,5376
"400 N. PEPPER AVENUE, COLTON, 92324-1816",,4508,,,5905,0,,,,4749,0,,,,,,,
"400 NORTH MC DOWELL BOULEVARD, PETALUMA, 94954",827,852,865,778,771,0,614,,,,,,,,,,,
"400 NORTH MCDOWELL BOULEVARD, PETALUMA, 94954",,,,,,,,662,779,764,0,794,770,932,,,,
"400 W Mineral King Ave, Visalia, 93291",,,,,,,,,,,,,,,9243,6724,7316,7859
"400 W Pueblo St, Santa Barbara, 93105",,,,,,,,,,,,,,,4848,3729,4304,4573
"400 W. PEPPER AVENUE, COLTON, 92314",3908,,,,,,,,,,,,,,,,,
"400 W. PUEBLO STREET, SANTA BARBARA, 93102",,,,,,,,2397,2487,2525,0,2609,,,,,,
"400 W. PUEBLO STREET, SANTA BARBARA, 93105",,,,,,,,,,,,,2811,2823,,,,
"400 WEST MINERAL KING, VISALIA, 93291",2758,2814,2983,3157,3339,0,3858,3813,3918,4128,0,4453,3464,5103,,,,
"4001 J St, Sacramento, 95819",,,,,,,,,,,,,,,5618,4041,4484,4502
"4001 J STREET, SACRAMENTO, 95819",2003,2090,2020,2070,2149,0,2357,2272,2552,2798,0,3042,2947,2991,,,,
"4002 VISTA WAY, OCEANSIDE, 92056",3735,4045,4011,3645,3665,0,3787,3699,3668,3678,0,3372,3423,3233,5348,3546,4198,4847
"401 BICENTENNIAL WAY, SANTA ROSA, 95403",2151,2019,1866,1898,2060,0,2206,2323,2361,2411,0,2372,2536,2628,5873,4659,5362,5597
"4060 Whittier Blvd, Los Angeles, 90023",,,,,,,,,,,,,,,903,702,718,803
"4060 WHITTIER BOULEVARD, LOS ANGELES, 90023",702,608,576,574,625,719,673,493,456,387,0,437,483,537,,,,
"4077 5th Ave, San Diego, 92103",,,,,,,,,,,,,,,12243,8675,9452,9797
"4077 FIFTH AVENUE, SAN DIEGO,  92103-2180",,,2682,2679,,,,,,,,,,,,,,
"4077 FIFTH AVENUE, SAN DIEGO, 92103",,,,,,,5684,5643,5712,,,5455,5402,5513,,,,
"4077 FIFTH AVENUE, SAN DIEGO, 92103-2180",2975,2810,,,4962,0,,,,5654,0,,,,,,,
"4081 E Olympic Blvd, Los Angeles, 90023",,,,,,,,,,,,,,,281,209,283,247
"4081 EAST OLYMPIC BOULEVARD, LOS ANGELES, 90023",249,217,233,264,297,302,297,308,298,259,0,197,154,139,,,,
"410 NORTH TAYLOR STREET, WEAVERVILLE, 96093",204,192,,,,,,,,,,,,,,,,
"4101 Torrance Blvd, Torrance, 90503",,,,,,,,,,,,,,,6314,4838,5336,5309
"4101 TORRANCE BOULEVARD, TORRANCE, 90503",2907,2935,2945,3085,3382,3538,3793,3866,3900,4000,0,3741,3515,3680,,,,
"41870 Garstin Dr, Big Bear Lake, 92315",,,,,,,,,,,,,,,877,677,741,797
"41870 GARSTIN DRIVE, BIG BEAR LAKE, 92315",418,469,442,423,400,0,375,394,397,451,0,471,455,492,,,,
"420 - 34TH STREET, BAKERSFIELD, 93301",1854,2333,2232,2251,2069,2124,2096,,,,,,,,,,,
"420 34th St, Bakersfield, 93301",,,,,,,,,,,,,,,7280,5631,5775,4498
"420 34TH STREET, BAKERSFIELD, 93301",,,,,,,,2270,2187,2234,0,2507,3049,3595,,,,
"435 H STREET, CHULA VISTA, 91910",2081,2203,2383,2287,,,,,,,,,,,,,,
"43563 Ca-299 E, Fall River Mills, 96028",,,,,,,,,,,,,,,328,254,239,282
"43563 STATE HWY. 299 E, FALL RIVER MILLS, 96028",,,,,,,,224,209,196,0,221,117,128,,,,
"438 W Las Tunas Dr, San Gabriel, 91776",,,,,,,,,,,,,,,1981,1315,1482,1873
"438 W. LAS TUNAS DRIVE, SAN GABRIEL, 91776",1246,1207,1144,1248,1153,1054,1186,1097,994,980,0,1229,1008,930,,,,
"43830 NORTH 10TH STREET WEST, LANCASTER, 93534",1511,1481,1655,1720,1855,1807,,,,,,,,,,,,
"441 LAKEVIEW AVENUE, ANAHEIM, 92807",1767,1866,2031,2666,3546,0,3640,3829,,,,,,,,,,
"443 SOUTH SOTO STREET, LOS ANGELES, 90033",0,,,,,,,,,,,,,,,,,
"444 Bruce St, Yreka, 96097",,,,,,,,,,,,,,,1042,854,952,785
"444 BRUCE STREET, YREKA, 96097",705,602,603,616,541,0,517,566,669,616,0,659,531,636,,,,
"4445 Magnolia Ave, Riverside, 92501",,,,,,,,,,,,,,,11443,8121,9325,10084
"4445 MAGNOLIA AVENUE, RIVERSIDE, 92501",2799,2931,3274,3387,3690,0,4161,4283,4488,4809,0,5342,5669,5962,,,,
"445 SOUTH CEDAR AVENUE, FRESNO, 93702",1855,1685,452,,,,,,,,,,,,,,,
"450 E Romie Ln, Salinas, 93901",,,,,,,,,,,,,,,4854,3799,4270,4681
"450 EAST ROMIE LANE, SALINAS, 93901",1674,1861,1779,1797,1703,0,1753,1893,1989,1943,0,2139,2364,1625,,,,
"450 GREENFIELD AVENUE, HANFORD, 93230",1330,1662,1721,1686,2035,1947,,,,,,,,,,,,
"450 Stanyan St, San Francisco, 94117",,,,,,,,,,,,,,,1661,1199,1313,1353
"450 STANYAN STREET, SAN FRANCISCO, 94117",1133,1138,919,1009,1012,0,972,952,976,912,0,971,938,992,,,,
"4501 SAND CREEK ROAD, ANTIOCH, 94531",,,194,1528,1692,1825,1783,2119,2148,2063,0,2289,2375,2568,6816,5328,6321,6396
"455 SO. MAIN STREET, ORANGE, 92668",120,94,103,149,124,0,126,,,,,,,,,,,
"4647 Zion Ave, San Diego, 92120",,,,,,,,,,,,,,,16436,12218,13327,12940
"4647 ZION AVENUE, SAN DIEGO, 92120",4861,4883,4911,5392,5636,0,5764,5768,5825,6141,0,5920,6352,7141,,,,
"465 W Putnam Ave, Porterville, 93257",,,,,,,,,,,,,,,3068,2096,2109,2317
"465 WEST PUTNAM AVENUE, PORTERVILLE, 93257",1608,1612,1500,1432,1354,0,1488,1487,1418,1368,0,1397,1459,1417,,,,
"4650 Lincoln Blvd, Marina Del Rey, 90292",,,,,,,,,,,,,,,3015,2186,2439,2504
"4650 LINCOLN BOULEVARD, MARINA DEL REY, 90291",774,871,961,1054,1032,1093,1026,,,,,,,,,,,
"4650 LINCOLN BOULEVARD, MARINA DEL REY, 90292",,,,,,,,969,1063,1032,0,1019,885,1237,,,,
"4650 SUNSET BOULEVARD, LOS ANGELES, 90027",200,209,205,233,248,231,206,236,240,286,0,,,,,,,
"4650 W Sunset Blvd, Los Angeles, 90027",,,,,,,,,,,,,,,1087,945,1304,1125
"4650 W. SUNSET BOULEVARD, LOS ANGELES, 90027",,,,,,,,,,,,419,447,640,,,,
"47111 Monroe St, Indio, 92201",,,,,,,,,,,,,,,4005,3255,3626,3747
"47111 MONROE STREET, INDIO, 92201",,,,,,,,1435,1232,1355,0,1395,1535,1718,,,,
"47-111 MONROE STREET, INDIO, 92201",1384,1343,1540,1562,1320,0,1402,,,,,,,,,,,
"4867 SUNSET BOULEVARD, LOS ANGELES, 90027",2467,2959,3092,3202,2997,3194,3340,3275,3234,3212,0,3468,3636,3569,,,,
"4867 W Sunset Blvd, Los Angeles, 90027",,,,,,,,,,,,,,,7721,5226,5927,5823
"4929 Van Nuys Blvd, Sherman Oaks, 91403",,,,,,,,,,,,,,,2196,1560,1541,1668
"4929 VAN NUYS BOULEVARD, SHERMAN OAKS, 91403",884,1191,976,966,1027,862,894,875,873,1163,0,1219,1262,1183,,,,
"500 1ST AVE, PORTOLA, 96122",,,,,,,,,,,,171,142,149,335,224,231,233
"500 1ST STREET, PORTOLA, 96122",174,217,225,240,291,0,164,238,186,226,0,,,,,,,
"500 W Hospital Rd, French Camp, 95231",,,,,,,,,,,,,,,3358,2567,2888,3254
"500 WEST HOSPITAL ROAD, FRENCH CAMP, 95231",2076,2259,2344,2337,2309,0,1985,1372,1373,1385,0,1369,1483,1539,,,,
"5000 San Bernardino St, Montclair, 91763",,,,,,,,,,,,,,,1339,1067,1201,1360
"5000 SAN BERNARDINO STREET, MONTCLAIR, 91763",794,773,571,668,620,0,635,651,649,605,0,466,446,551,,,,
"501 E Locust St, Lone Pine, 93545",,,,,,,,,,,,,,,129,100,122,118
"501 EAST LOCUST STREET, LONE PINE, 93545",73,50,49,61,46,47,45,42,37,51,0,21,66,61,,,,
"501 PETALUMA AVENUE, SEBASTOPOL, 95472",380,329,286,292,316,0,339,331,334,96,0,135,193,107,,,,
"501 S Buena Vista St, Burbank, 91505",,,,,,,,,,,,,,,6381,4341,4790,5522
"501 S BUENA VISTA STREET, BURBANK, 91505",,,,,,,,,,,,3181,3169,3247,,,,
"501 SO. BUENA VISTA, BURBANK,  91505-4866",,,2626,2908,,,,,,,,,,,,,,
"501 SO. BUENA VISTA, BURBANK, 91505",,,,,,,3301,3337,3342,,,,,,,,,
"501 SO. BUENA VISTA, BURBANK, 91505-4866",2649,2760,,,2963,2949,,,,3267,0,,,,,,,
"505 Parnassus Ave, San Francisco, 94143",,,,,,,,,,,,,,,5216,3940,4589,4458
"505 PARNASSUS AVENUE, SAN FRANCISCO, 94122",2000,2126,2107,2008,2172,0,1969,,,,,,,,,,,
"505 PARNASSUS AVENUE, SAN FRANCISCO, 94143",,,,,,,,1763,2130,2162,0,2187,2360,2481,,,,
"508 EAST HICKORY, LOMPOC, 93436",569,573,568,636,647,,,,,,,,,,,,,
"5151 F STREET, SACRAMENTO, 95819",1280,1233,1246,1325,1408,0,1420,1613,1595,1747,0,,,,,,,
"5176 Hill Rd E, Lakeport, 95453",,,,,,,,,,,,,,,1576,1258,1390,1467
"5176 HILL ROAD EAST, LAKEPORT, 95453",800,779,692,814,883,811,901,944,941,766,0,784,745,754,,,,
"5189 Hospital Rd, Mariposa, 95338",,,,,,,,,,,,,,,602,533,517,514
"5189 HOSPITAL RD., MARIPOSA, 95338",,,,,,,,,,,,,,419,,,,
"5189 HOSPITAL RD., PO BOX 216, MARIPOSA, 95338",196,274,329,366,310,0,272,288,257,297,0,320,366,,,,,
"520 W I St, Los Banos, 93635",,,,,,,,,,,,,,,1896,1436,1660,1782
"520 WEST I STREET, LOS BANOS, 93635",552,591,585,664,605,0,679,637,729,733,0,756,785,714,,,,
"525 N Garfield Ave, Monterey Park, 91754",,,,,,,,,,,,,,,2869,1776,2000,2140
"525 NORTH GARFIELD AVENUE, MONTEREY PARK, 91754",1814,1790,1927,1825,1736,1743,1795,1822,1788,1896,0,1841,1698,1767,,,,
"525 OREGON ST, VALLEJO, 94590",,,,,,,,,,,,,,,,,0,
"525 OREGON STREET, VALLEJO, 94590",,,,,,,,,,,,,,0,,,,
"525 W Acacia St, Stockton, 95203",,,,,,,,,,,,,,,2332,1815,2101,2268
"525 WEST ACACIA ST, STOCKTON, 95203",,,,,,,,,,,,1437,1288,1319,,,,
"525 WEST ACACIA, STOCKTON, 95203",1716,1538,1352,1364,1523,0,1680,1628,1835,2133,0,,,,,,,
"5451 Walnut Ave, Chino, 91710",,,,,,,,,,,,,,,2938,2033,2194,2423
"5451 WALNUT AVENUE, CHINO, 91710",1590,1533,1546,1601,1654,0,1382,1164,1106,1125,0,1122,1192,1229,,,,
"555 E Hardy St, Inglewood, 90301",,,,,,,,,,,,,,,5990,3987,4695,4832
"555 E Valley Pkwy, Escondido, 92025",,,,,,,,,,,,,,,10650,8029,5669,
"555 E. VALLEY PARKWAY, ESCONDIDO, 92025",3111,3012,3182,3156,3182,0,3499,3486,4042,4458,0,5293,5412,5563,,,,
"555 EAST HARDY STREET, INGLEWOOD, 90301",3028,3184,4461,4634,5038,4434,4105,4364,4001,4371,0,3839,3875,3628,,,,
"555 SOUTH 7TH AVENUE, BARSTOW, 92311",992,1036,1107,993,1034,0,982,783,,,,,,,,,,
"555 WASHINGTON STREET, SAN DIEGO, 92103",,0,,,,,,,,,,,,,,,,
"5550 UNIVERSITY AVENUE, SAN DIEGO, 92105",50,,,,,,,,,,,,,,,,,
"5555 Grossmont Center Dr, La Mesa, 91942",,,,,,,,,,,,,,,12883,9092,10464,10473
"5555 GROSSMONT CENTER DRIVE, LA MESA, 91942",4575,4761,4859,5185,5390,0,5543,5643,5875,5977,0,6035,5991,6422,,,,
"5555 W Las Positas Blvd, Pleasanton, 94588",,,,,,,,,,,,,,,3400,2757,3243,3661
"5555 WEST LAS POSITAS BLVD., PLEASANTON, 94588",,,,1238,1289,1395,1326,1416,1420,1352,0,1515,1472,1497,,,,
"5601 De Soto Ave, Woodland Hills, 91367",,,,,,,,,,,,,,,6090,4393,5049,4994
"5601 DE SOTO AVENUE, WOODLAND HILLS, 91367",2229,2143,2361,2373,2431,0,2437,2406,2485,2566,0,2477,2618,2801,,,,
"570 WILLOW ROAD, MENLO PARK, 94025",,,,,,,,0,,,,,,,,,,
"5900 W Olympic Blvd, Los Angeles, 90036",,,,,,,,,,,,,,,1918,1252,226,
"5900 WEST OLYMPIA BLVD, LOS ANGELES, 90036",,,,,,1268,1295,,,,,,,,,,,
"5900 WEST OLYMPIC BLVD, LOS ANGELES, 90036",,,,,,,,1069,936,937,0,1143,1093,1078,,,,
"5925 SAN VICENTE BOULEVARD, LOS ANGELES, 90019",1245,1047,1162,1342,1331,,,,,,,,,,,,,
"5974 PENTZ ROAD, PARADISE, 95969",1172,1200,1110,1085,1060,1177,1239,1246,1254,1173,0,1207,1271,1174,,,,
"60  EASTER AVENUE, WEAVERVILLE, 96093",,,,,,,,152,202,206,0,185,193,215,,,,
"60 B EASTER AVENUE, WEAVERVILLE, 96093",,,,198,180,0,179,,,,,,,,,,,
"60 Easter Ave, Weaverville, 96093",,,,,,,,,,,,,,,286,227,298,322
"60 EASTER AVENUE, WEAVERVILLE, 96093",,,234,,,,,,,,,,,,,,,
"600 HIGHLAND SPRINGS AVENUE, BANNING, 92220",1143,1273,1498,1528,1376,0,1549,1871,1932,1723,0,,,,,,,
"600 Marine Blvd, Moss Beach, 94038",,,,,,,,,,,,,,,77,57,41,45
"600 MARINE BOULEVARD, MOSS BEACH, 94038",60,50,55,58,74,0,47,51,50,42,0,43,33,35,,,,
"600 N Highland Springs Ave, Banning, 92220",,,,,,,,,,,,,,,3768,2622,2794,3075
"600 N. HIGHLAND SPRINGS AVENUE, BANNING, 92220",,,,,,,,,,,,1951,1809,1825,,,,
"6001 Norris Canyon Rd, San Ramon, 94583",,,,,,,,,,,,,,,2406,1723,2012,2134
"6001 NORRIS CANYON ROAD, SAN RAMON, 94583",806,740,822,842,872,873,893,974,1027,1119,0,1177,1183,1242,,,,
"601 Duboce Ave, San Francisco, 94117",,,,,,,,,,,,,,,1134,747,821,972
"601 DUBOCE AVENUE, SAN FRANCISCO, 94117",,,,,,,,450,502,548,0,530,497,498,,,,
"6041 Cadillac Ave, Los Angeles, 90034",,,,,,,,,,,,,,,8341,6076,7334,7230
"6041 CADILLAC AVENUE, LOS ANGELES, 90034",2632,2555,2769,2797,3087,3046,3149,3086,2973,3252,0,3457,3404,3545,,,,
"6125 N Fresno St, Fresno, 93710",,,,,,,,,,,,,,,0,,,
"6125 NORTH FRESNO STREET, FRESNO, 93710",,,,0,,,,,,,,,0,,,,,
"624 EAST ELDER STREET, FALLBROOK, 92028",524,494,537,512,511,0,429,368,445,376,,,,,,,,
"6245 De Longpre Ave, Hollywood, 90028",,,,,,,,,,,,,,,,0,,
"6245 DE LONGPRE AVENUE, HOLLYWOOD, 90028",,,,,,,,,,0,,,0,0,,,,
"6412 Laurel Ave, Lake Isabella, 93240",,,,,,,,,,,,,,,758,615,628,673
"6412 LAUREL AVENUE, LAKE ISABELLA, 93240",633,511,552,463,369,330,348,385,343,412,0,499,661,644,,,,
"650 SANITARIUM ROAD, DEER PARK, 94576",293,,,,,,,,,,,,,,,,,
"6501 Coyle Ave, Carmichael, 95608",,,,,,,,,,,,,,,7695,5663,6180,5747
"6501 COYLE AVENUE, CARMICHAEL, 95608",3193,3410,3375,3382,3350,0,3653,3827,3968,4210,0,3951,4147,4136,,,,
"654 CAMINO DE LOS MARES, SAN CLEMENTE, 92673",686,620,622,657,,,,,,,,,,,,,,
"6600 Bruceville Rd, Sacramento, 95823",,,,,,,,,,,,,,,12359,9673,10844,10836
"6600 BRUCEVILLE ROAD, SACRAMENTO, 95823",2243,2381,2382,2735,2747,0,3047,3235,3430,3689,0,4384,4850,4995,,,,
"6601 White Feather Rd, Joshua Tree, 92252",,,,,,,,,,,,,,,2107,1514,1774,1834
"6601 WHITE FEATHER ROAD, JOSHUA TREE, 92252",878,850,819,772,807,0,857,989,1009,1153,0,1117,1099,1067,,,,
"6655 Alvarado Rd, San Diego, 92120",,,,,,,,,,,,,,,1982,1609,1879,2077
"6655 ALVARADO ROAD, SAN DIEGO,  92120-5298",,,1294,1449,,,,,,,,,,,,,,
"6655 ALVARADO ROAD, SAN DIEGO, 92120",,,,,,,1460,1241,1232,,,1106,1066,1190,,,,
"6655 ALVARADO ROAD, SAN DIEGO, 92120-5298",1324,1200,,,1487,0,,,,1237,0,,,,,,,
"700 ALAMO PINTADO ROAD, SOLVANG, 93463",123,126,112,,,,,,,,,,,,,,,
"700 LAWRENCE EXPRESSWAY, SANTA CLARA, 95051",,,1099,2793,3041,0,3469,3640,3554,3648,0,3670,3857,3915,,,,
"700 Lawrence Expy, Santa Clara, 95051",,,,,,,,,,,,,,,9031,6697,7512,7761
"700 River Dr, Fort Bragg, 95437",,,,,,,,,,,,,,,772,672,779,766
"700 RIVER DRIVE, FORT BRAGG, 95437",387,346,340,335,385,0,348,359,350,384,0,382,422,418,,,,
"7150 TAMPA AVE, RESEDA, 91335",,,,,,,,,,,,,,,,,,0
"726 FOURTH ST, MARYSVILLE, 95901",,,,,2009,0,2340,2515,2502,2541,0,2750,2943,3217,6510,5142,5589,5738
"726 FOURTH ST., P.O.BOX 231, MARYSVILLE, 95901",1902,1883,1886,2098,,,,,,,,,,,,,,
"7300 Medical Center Dr, West Hills, 91307",,,,,,,,,,,,,,,5012,3516,3987,4445
"7300 MEDICAL CENTER DRIVE, CANOGA PARK, 91307",1529,1572,1594,1487,1632,1612,1824,,,2204,0,,,,,,,
"7300 MEDICAL CENTER DRIVE, WEST HILLS, 91307",,,,,,,,1945,1953,,,2338,2413,2504,,,,
"7300 N Fresno St, Fresno, 93720",,,,,,,,,,,,,,,5700,4660,5301,5463
"7300 NORTH FRESNO STREET, FRESNO, 93720",2209,1856,1507,1645,1877,1929,1903,2066,2059,2148,0,2199,2485,2546,,,,
"733 Cedar St, Garberville, 95542",,,,,,,,,,,,,,,180,147,151,152
"733 CEDAR STREET, GARBERVILLE, 95542",71,74,103,104,70,92,79,93,85,101,0,98,91,88,,,,
"741 Main St, Cedarville, 96104",,,,,,,,,,,,,,,34,23,26,39
"741 N. MAIN STREET, CEDARVILLE, 96104",,,,,,,,20,19,23,0,18,20,14,,,,
"747 52nd St, Oakland, 94609",,,,,,,,,,,,,,,454,340,510,468
"747 52ND STREET, OAKLAND, 94609",154,117,148,111,140,109,97,78,119,129,0,120,133,126,,,,
"75 Neilson St, Watsonville, 95076",,,,,,,,,,,,,,,2063,1548,1868,1895
"75 NIELSON STREET, WATSONVILLE, 95076",848,922,879,914,815,0,915,831,964,973,0,842,994,964,,,,
"7500 Hospital Dr, Sacramento, 95823",,,,,,,,,,,,,,,4872,3563,3847,3486
"7500 HOSPITAL DRIVE, SACRAMENTO, 95823",1495,1619,1651,1560,1652,0,1869,2018,2241,2339,0,2258,2207,2278,,,,
"751 MEDICAL CENTER COURT, CHULA VISTA, 91911",3330,3217,3251,3129,3006,0,3181,3440,3621,3728,0,3658,3860,3996,,,,
"751 Medical Center Ct, Chula Vista, 91911",,,,,,,,,,,,,,,8945,6532,7868,8134
"751 S Bascom Ave, San Jose, 95128",,,,,,,,,,,,,,,7461,5274,5636,5623
"751 SOUTH BASCOM AVENUE, SAN JOSE,  95128-2699",,,2857,3411,,,,,,,,,,,,,,
"751 SOUTH BASCOM AVENUE, SAN JOSE, 95128",,,,,,,4108,3979,4544,,,3702,3518,3350,,,,
"751 SOUTH BASCOM AVENUE, SAN JOSE, 95128-2699",2479,2580,,,3638,0,,,,4377,0,,,,,,,
"757 WESTWOOD PLAZA, LOS ANGELES, 90095",,,,1973,1964,2184,2455,2444,2072,2271,0,2476,2441,2597,4529,3117,3708,3619
"7601 EAST IMPERIAL HIGHWAY, DOWNEY, 90242",,,0,,,0,,0,,,,1,1,,,,,
"7601 Imperial Hwy, Downey, 90242",,,,,,,,,,,,,,,0,1,,
"768 Mountain Ranch Rd, San Andreas, 95249",,,,,,,,,,,,,,,994,768,865,838
"768 MOUNTAIN RANCH ROAD, SAN ANDREAS, 95249",570,560,521,533,503,520,509,534,513,460,0,510,571,480,,,,
"7850 Vista Hill Avenue, San Diego, 92123",0,,0,0,0,0,0,,,,,,,0,,,,
"7901 Frost St, San Diego, 92123",,,,,,,,,,,,,,,11194,8453,9335,9531
"7901 FROST STREET, SAN DIEGO, 92123",2960,3081,3240,3155,3344,0,3712,3916,4209,4243,0,4468,4627,5315,,,,
"7901 Walker St, La Palma, 90623",,,,,,,,,,,,,,,1639,1015,1060,1180
"7901 WALKER STREET, LA PALMA, 90623",951,993,813,792,845,0,745,641,673,650,0,691,847,810,,,,
"800 E Washington Blvd, Crescent City, 95531",,,,,,,,,,,,,,,1619,1096,1072,1253
"800 EAST WASHINGTON BOULEVARD, CRESCENT CITY, 95531",978,991,904,879,778,860,850,1035,1009,932,0,882,868,865,,,,
"800 S Main St, Corona, 92882",,,,,,,,,,,,,,,5311,3725,4165,4454
"800 SOUTH MAIN STREET, CORONA, 91720",1684,1759,1808,1672,1834,,,,,,,,,,,,,
"800 SOUTH MAIN STREET, CORONA, 92882",,,,,,0,1919,1951,1714,1899,0,2149,2322,2484,,,,
"801 Seneca St, Ventura, 93001",,,,,,,,,,,,,,,,0,,
"801 SENECA STREET, VENTURA, 93001",,,,,,,,,,,,,0,,,,,
"815 POLLARD ROAD, LOS GATOS, 95032",659,566,530,508,135,,,,,,,,,,,,,
"820 E Mountain View St, Barstow, 92311",,,,,,,,,,,,,,,2086,1401,1494,1557
"820 EAST MOUNTAIN VIEW ST, BARSTOW, 92311",,,,,,,,184,926,1027,0,1222,1441,1187,,,,
"825 Delbon Ave, Turlock, 95382",,,,,,,,,,,,,,,5774,4290,4659,4914
"825 DELBON AVENUE, TURLOCK, 95380",1612,2035,1550,2142,2010,0,2096,,,,,,,,,,,
"825 DELBON AVENUE, TURLOCK, 95382",,,,,,,,2160,2233,2375,0,2498,2685,2715,,,,
"845 Jackson St, San Francisco, 94133",,,,,,,,,,,,,,,580,477,540,542
"845 JACKSON STREET, SAN FRANCISCO, 94133",386,366,388,406,310,0,374,379,380,386,0,319,386,367,,,,
"85 SIERRA PARK ROAD, MAMMOTH LAKES, 93546",113,103,109,123,114,0,128,153,164,171,0,158,175,195,482,276,391,471
"869 CHERRY AVENUE, TULARE, 93274",892,832,788,822,846,0,824,846,,704,0,,,,,,,
"869 N Cherry St, Tulare, 93274",,,,,,,,,,,,,,,1908,1325,1699,1828
"869 NORTH CHERRY STREET, TULARE, 93274",,,,,,,,,731,,,740,482,130,,,,
"8700 Beverly Blvd, Los Angeles, 90048",,,,,,,,,,,,,,,12212,9587,9832,8748
"8700 BEVERLY BOULEVARD, LOS ANGELES, 90048",5203,4852,4532,4830,5343,5654,6347,6260,6378,6248,0,6736,7015,7466,,,,
"900 Hyde St, San Francisco, 94109",,,,,,,,,,,,,,,1545,973,943,1013
"900 HYDE STREET, SAN FRANCISCO, 94109",930,973,957,987,1096,0,1101,1075,953,909,0,904,793,719,,,,
"900 KIELY BOULEVARD, SANTA CLARA,  95051-5386",,,1484,,,,,,,,,,,,,,,
"900 KIELY BOULEVARD, SANTA CLARA, 95051-5386",2596,2539,,,,,,,,,,,,,,,,
"900 S Atlantic Blvd, Monterey Park, 91754",,,,,,,,,,,,,,,1479,1018,1070,1039
"900 SOUTH ATLANTIC BOULEVARD, MONTEREY PARK,  91754-4780",,,786,687,,,,,,,,,,,,,,
"900 SOUTH ATLANTIC BOULEVARD, MONTEREY PARK, 91754",,,,,,,644,506,527,,,631,453,726,,,,
"900 SOUTH ATLANTIC BOULEVARD, MONTEREY PARK, 91754-4780",815,778,,,705,598,,,,562,0,,,,,,,
"901 NEVIN, RICHMOND, 94804",1279,1354,1233,1227,,,,,,,,,,,,,,
"901 OLIVE DRIVE, BAKERSFIELD, 93308",,0,,,,,,,,,,0,,,,,,
"9080 Colima Rd, Whittier, 90605",,,,,,,,,,,,,,,2086,1475,1582,1725
"9080 COLIMA ROAD, WHITTIER, 90605",1470,1384,1313,1317,1267,1070,1033,1071,1024,984,0,1038,1098,1069,,,,
"911 Sunset Dr, Hollister, 95023",,,,,,,,,,,,,,,1502,1192,1327,1315
"911 SUNSET DRIVE, HOLLISTER, 95023",522,463,481,517,513,0,550,532,565,601,0,624,598,686,,,,
"914 Pine St, Mount Shasta, 96067",,,,,,,,,,,,,,,876,667,839,839
"914 PINE STREET, BOX 239, MOUNT SHASTA, 96067",350,369,425,328,301,0,337,348,376,373,0,,,,,,,
"914 PINE STREET, MOUNT SHASTA, 96067",,,,,,,,,,,,,,443,,,,
"914 PINE STREET,, MOUNT SHASTA, 96067",,,,,,,,,,,,387,439,,,,,
"9300 Valley Children's Pl, Madera, 93636",,,,,,,,,,,,,,,1459,1097,1273,1144
"9300 VALLEY CHILDREN'S PLACE, MADERA, 93636",,,,,,,,,165,,,467,537,435,,,,
"9300 VALLEY CHILDRENS PLACE, MADERA, 93638",133,181,126,135,180,0,159,,,194,0,,,,,,,
"9300 VALLEY CHILDREN'S PLACE, MADERA, 93638",,,,,,,,168,,,,,,,,,,
"9333 IMPERIAL HIGHWAY, DOWNEY, 90242",,,,,983,0,3786,3796,3846,4111,0,4178,4616,4873,,,,
"9333 Imperial Hwy, Downey, 90242",,,,,,,,,,,,,,,12016,8872,10231,9487
"9400 EAST ROSECRANS AVENUE, BELLFLOWER, 90706",3192,3250,3522,3795,2631,,,,,,,,,,,,,
"9400 N Name Uno, Gilroy, 95020",,,,,,,,,,,,,,,2222,1699,2023,2297
"9400 NO NAME UNO, GILROY, 95020",730,655,658,679,657,0,830,771,816,840,0,852,885,980,,,,
"9449 San Fernando Rd, Sun Valley, 91352",,,,,,,,,,,,,,,671,344,396,368
"9449 SAN FERNANDO ROAD, SUN VALLEY, 91352",671,572,581,539,490,437,430,454,439,465,0,310,377,272,,,,
"9542 Artesia Blvd, Bellflower, 90706",,,,,,,,,,,,,,,0,,,
"9542 ARTESIA BOULEVARD, BELLFLOWER, 90706",,,,,,,,,77,,0,0,,0,,,,
"9542 EAST ARTESIA BOULEVARD, BELLFLOWER, 90706",351,821,824,639,247,198,265,263,,,,,,,,,,
"95490, Willits, 95490",,,,,,,,,,,,,,,942,761,802,827
"970 PLUMAS STREET, YUBA CITY, 95991",,1,0,,,,,,,,,,,,,,,
"975 S Fairmont Ave, Lodi, 95240",,,,,,,,,,,,,,,5162,3301,3653,4079
"975 Sereno Dr, Vallejo, 94589",,,,,,,,,,,,,,,6331,5079,5673,5657
"975 SERENO DRIVE, VALLEJO, 94589",,,,,,,,2479,2743,2736,0,3025,2908,3038,,,,
"975 SERENO DRIVE, VALLEJO, 94590",2932,3119,2878,2758,2826,0,2455,,,,,,,,,,,
"975 SOUTH FAIRMONT AVENUE, LODI,  95240-5179",,,1392,1468,,,,,,,,,,,,,,
"975 SOUTH FAIRMONT AVENUE, LODI, 95240",,,,,,,1632,1732,1660,,,2184,2764,3073,,,,
"975 SOUTH FAIRMONT AVENUE, LODI, 95240-5179",1366,1317,,,1496,0,,,,1892,0,,,,,,,
"9888 Genesee Ave, La Jolla, 92037",,,,,,,,,,,,,,,5980,4787,5730,6068
"9888 GENESEE AVENUE, LA JOLLA, 92037",1993,2002,1973,2009,1953,0,2145,2063,2162,2279,0,2606,3258,3688,,,,
"99 Montecillo Rd, San Rafael, 94903",,,,,,,,,,,,,,,3460,2646,3033,3204
"99 MONTECILLO ROAD, SAN RAFAEL, 94903",1369,1432,1343,1382,1497,0,1611,1558,1642,1588,0,1638,1582,1632,,,,
"9920 Talbert Ave, Fountain Valley, 92708",,,,,,,,,,,,,,,4645,3304,3986,3629
"9920 TALBERT AVENUE, FOUNTAIN VALLEY, 92708",1416,1626,1800,1620,1697,0,1924,2073,2041,2167,0,2245,2226,2300,,,,
"9961 Sierra Ave, Fontana, 92335",,,,,,,,,,,,,,,19071,14034,15460,15329
"9961 SIERRA AVENUE, FONTANA, 92335",4769,4412,4106,4490,4598,0,4890,5861,5982,6440,0,7009,7301,8103,,,,
"999 San Bernardino Rd, Upland, 91786",,,,,,,,,,,,,,,11401,7939,9146,9948
"999 SAN BERNARDINO ROAD, UPLAND, 91786",2790,2733,2806,3063,3727,0,4342,4080,3943,4157,0,4718,5201,5486,,,,
"HWY. 299-E, P O BOX 459, FALL RIVER MILLS, 96028",170,176,214,180,184,0,212,,,,,,,,,,,
"LOMA VISTA AT BRENT STREET, VENTURA, 93003",1819,1856,1834,1896,,,,,,,,,,,,,,
"Magellan Dr, Tehachapi, 93561",,,,,,,,,,,,,,,1357,1115,1358,1488
"MAIN AND WASHINGTON STS, BOX 246, CEDARVILLE, 96104",26,18,17,20,19,0,33,,,,,,,,,,,
"MARSHALL WAY, PLACERVILLE, 95667",1462,,,,,,,,,,,,,,,,,
"N NAGLE ST, ALTURAS, 96101",,,,,,,,,,,,,,,,,335,362
"ONE HOAG DRIVE, NEWPORT BEACH, 92663",3777,3976,4147,4179,4256,0,4938,,,,,,,,,,,
"ONE MEDICAL PLAZA, ROSEVILLE, 95661",2535,2606,2923,2976,2991,0,3422,3706,3649,3906,0,,,,,,,
"ONE SOUTH FOREST ROAD, SONORA, 95370",1014,,,,,,,,,,,,,,,,,
